Time (GMT),Time,RPM,TPS,Brake,Fuel Flow Rate,Engine Load,Rail Pressure,MAP,Baro,Speed,ECT,IAT,MAF,BAT Volt,EGR
235944,23:59:44,0d94,0,1,00c9,65,0ab4,59,57,0,4a,41,02be,3222,77
235944,23:59:44,0c98,0,1,00be,6b,0ba4,59,57,0,4a,41,02be,3222,77
235945,23:59:45,0c18,0,1,107,6b,0ba4,59,57,0,4a,41,285,3370,5f
235945,23:59:45,0f64,0,1,111,73,0f64,59,57,0,4a,41,285,3370,5f
235946,23:59:46,0.00E+00,0,1,00ff,73,0f64,59,57,0,4b,42,307,33b8,67
235946,23:59:46,0df4,0,1,00ff,79,0dc0,59,57,0,4b,42,307,33b8,67
235947,23:59:47,0ec8,0,1,00ff,79,0dc0,59,57,0,4b,43,02f4,376a,60
235947,23:59:47,0.00E+00,0,1,00fa,75,0e9c,59,57,0,4b,43,02f4,376a,60
235948,23:59:48,0eb8,0,1,00f4,75,0e9c,59,57,0,4b,43,02ec,3735,60
235948,23:59:48,0.00E+00,0,5,00ef,75,0dd4,59,57,0,4b,43,02ec,3735,60
235949,23:59:49,0.00E+00,0,5,00f1,75,0dd4,59,57,0,4b,44,02f1,3797,5d
235949,23:59:49,0.00E+00,0,5,00ea,6b,0.00E+00,59,57,0,4b,44,02f1,3797,5d
235950,23:59:50,0.00E+00,0,5,0.00E+00,6b,0.00E+00,59,57,0,4b,44,02ef,37a3,5f
235950,23:59:50,0.00E+00,0,5,0.00E+00,69,0.00E+00,59,57,0,4b,44,200,3700,5f
235951,23:59:51,0e6c,0,5,00df,69,0.00E+00,59,57,0,4b,44,200,3700,5f
235951,23:59:51,0.00E+00,0,5,00df,6b,0d00,59,57,0,4b,44,200,3700,5f
235952,23:59:52,0e7c,0,5,00de,6b,0d00,59,57,0,4b,44,200,3700,5d
235952,23:59:52,0.00E+00,0,5,00d9,68,0d00,5a,57,0,4b,44,200,3700,5d
235953,23:59:53,0.00E+00,0,5,00da,68,0d00,5a,57,0,4a,44,200,3700,60
235953,23:59:53,0.00E+00,0,5,00d7,6a,0d00,5a,57,0,4a,44,200,3700,60
235954,23:59:54,0.00E+00,0,5,00dc,6a,0d00,5a,57,0,4a,44,200,3700,5f
235954,23:59:54,0.00E+00,0,5,00da,69,0d00,5a,57,0,4a,44,200,3700,5f
235955,23:59:55,0.00E+00,0,5,00dd,69,0d00,5a,57,0,4a,44,200,3700,5f
235955,23:59:55,0.00E+00,0,5,00dc,68,0d00,59,57,0,4a,44,200,3700,5f
235956,23:59:56,0.00E+00,0,5,00db,68,0d00,59,57,0,4a,44,200,3700,5d
235956,23:59:56,0.00E+00,0,5,00d8,67,0d00,5a,57,0,4a,44,200,3700,5d
235957,23:59:57,0e4c,0,5,00d5,67,0d00,5a,57,0,4a,44,200,3700,61
235957,23:59:57,0.00E+00,0,5,00d7,69,0d98,5a,57,0,4a,44,02ca,37c8,61
235958,23:59:58,0.00E+00,0,5,00da,69,0d98,5a,57,0,4a,44,02ca,37ba,5d
235958,23:59:58,0.00E+00,0,5,00dc,68,0d84,59,57,0,4a,44,02ca,37ba,5d
235959,23:59:59,0de0,0,5,00da,68,0d84,59,57,0,4a,44,02b9,378f,5c
235959,23:59:59,0e3c,0,5,0.00E+00,6f,0d84,5a,57,0,4a,44,02b9,378f,5c
0,00:00:00,0e8c,0,5,0.00E+00,6f,0d84,5a,57,0,4a,44,02ec,3793,61
0,00:00:00,0.00E+00,0,5,00dd,69,0.00E+00,5a,57,1,4a,44,02ec,3793,61
1,00:00:01,0.00E+00,0,5,00dd,69,0.00E+00,5a,57,1,4a,44,02d6,3794,5e
1,00:00:01,0e6c,0,5,00dc,68,0dac,5a,57,1,4a,44,02d6,3794,5e
2,00:00:02,0.00E+00,0,5,00dc,68,0dac,5a,57,1,4a,44,02d2,3569,62
2,00:00:02,0e2c,0,1,00ec,73,0dc0,5a,57,0,4a,44,02d2,3569,62
3,00:00:03,0.00E+00,0,1,0.00E+00,73,0dc0,5a,57,0,4a,44,2e08,36cb,62
3,00:00:03,0.00E+00,0,1,0.00E+00,6b,0.00E+00,5a,57,1,4a,44,2e08,36cb,62
4,00:00:04,0.00E+00,0,5,0.00E+00,6b,0.00E+00,5a,57,1,4a,44,02dc,3727,60
4,00:00:04,0.00E+00,0,5,00dc,69,0.00E+00,5a,57,2,4a,44,200,3700,60
5,00:00:05,0.00E+00,0,5,00dd,69,0.00E+00,5a,57,2,4b,44,200,3600,61
5,00:00:05,0e1c,0,5,00dc,6c,0.00E+00,5a,57,2,4b,44,200,3600,61
6,00:00:06,0.00E+00,0,5,00df,6c,0.00E+00,5a,57,2,4b,44,200,3600,5f
6,00:00:06,0dec,0,5,0.00E+00,6f,0.00E+00,5a,57,1,4b,44,200,3600,5f
7,00:00:07,0dc0,0,5,0.00E+00,6f,0.00E+00,5a,57,1,4b,44,200,3300,61
7,00:00:07,0.00E+00,0,5,00f5,71,0c00,5a,57,0,4b,44,200,3300,61
8,00:00:08,0e5c,0,1,00ea,71,0c00,5a,57,0,4b,44,200,3100,6c
8,00:00:08,0db8,0,1,00ec,77,0c00,5a,57,0,4b,44,200,3100,6c
9,00:00:09,0.00E+00,0,1,102,77,0c00,5a,57,0,4b,44,200,3300,64
9,00:00:09,0e0c,0,5,100,7c,0f00,5a,57,1,4b,44,200,3300,64
10,00:00:10,0df0,0,1,105,7c,0f00,5a,57,1,4b,44,200,3200,66
10,00:00:10,0.00E+00,0,5,010a,7e,0.00E+00,5a,57,1,4b,44,200,3200,66
11,00:00:11,0.00E+00,0,5,104,7e,0.00E+00,5a,57,1,4b,44,300,3200,66
11,00:00:11,0.00E+00,0,5,109,7e,0.00E+00,5a,57,1,4b,44,305,32b0,66
12,00:00:12,0.00E+00,0,5,108,7e,0.00E+00,5a,57,1,4b,44,311,34f9,65
12,00:00:12,0.00E+00,0,1,00fc,7a,0ed8,5a,57,0,4b,44,311,34f9,65
13,00:00:13,0f34,0,1,00f4,7a,0ed8,5a,57,0,4b,44,311,3636,65
13,00:00:13,0.00E+00,0,5,0.00E+00,6b,0ec4,5a,57,0,4b,44,311,3636,65
14,00:00:14,0df0,0,5,00ea,6b,0ec4,5a,57,0,4b,44,02c8,35fa,5c
14,00:00:14,0.00E+00,0,5,0.00E+00,6d,0.00E+00,5a,57,0,4b,44,02c8,35fa,5c
15,00:00:15,0.00E+00,0,1,0.00E+00,6d,0.00E+00,5a,57,0,4b,44,02dc,3640,63
15,00:00:15,0.00E+00,0,1,00ea,73,0e4c,5a,57,0,4b,44,02dc,3640,63
16,00:00:16,0.00E+00,0,1,013f,73,0e4c,5a,57,0,4c,44,316,3559,5c
16,00:00:16,0ef0,0,1,128,84,0fdc,5a,57,2,4c,44,316,3559,5c
17,00:00:17,0.00E+00,0,5,011c,84,0fdc,5a,57,2,4c,44,309,313b,66
17,00:00:17,0e0c,0,5,136,95,0e9c,5a,57,4,4c,44,309,313b,66
18,00:00:18,0.00E+00,0,5,012d,95,0e9c,5a,57,4,4c,45,031f,312a,64
18,00:00:18,0.00E+00,0,5,130,8c,0f00,5a,57,6,4c,45,300,3100,64
19,00:00:19,0ef4,0,1,124,8c,0f00,5a,57,6,4c,44,300,3500,60
19,00:00:19,0f90,0,1,107,6b,1000,5a,57,6,4c,44,300,3500,60
20,00:00:20,0ee0,0,1,0.00E+00,6b,1000,5a,57,6,4c,44,200,3600,61
20,00:00:20,0ed0,0,1,0.00E+00,64,0.00E+00,5a,57,6,4c,44,200,3600,61
21,00:00:21,0f08,0,5,00d1,64,0.00E+00,5a,57,6,4c,44,200,3600,62
21,00:00:21,0.00E+00,0,5,00cd,63,0.00E+00,5a,57,6,4c,44,200,3600,62
22,00:00:22,0.00E+00,0,1,00d0,63,0.00E+00,5a,57,6,4c,44,200,3600,5f
22,00:00:22,0e1c,0,1,00d3,67,0d00,5a,57,6,4c,44,200,3600,5f
23,00:00:23,0.00E+00,0,1,00d1,67,0d00,5a,57,6,4c,44,200,3600,5f
23,00:00:23,0.00E+00,0,1,00ce,60,0.00E+00,5a,57,6,4c,44,200,3600,5f
24,00:00:24,0e5c,0,1,00cb,60,0.00E+00,5a,57,6,4c,44,200,3700,64
24,00:00:24,0.00E+00,0,1,00c9,64,0d00,5a,57,6,4c,44,200,3700,64
25,00:00:25,0e4c,0,1,00c7,64,0d00,5a,57,6,4d,44,200,3600,62
25,00:00:25,0.00E+00,0,1,00c7,61,0dd4,5a,57,6,4d,44,02ad,36f5,62
26,00:00:26,0.00E+00,0,1,00c9,61,0dd4,5a,57,6,4d,44,02b0,36de,61
26,00:00:26,0.00E+00,0,1,00c7,61,0de8,5a,57,6,4d,44,02b0,36de,61
27,00:00:27,0.00E+00,0,1,00c7,61,0de8,5a,57,6,4d,44,029f,3704,62
27,00:00:27,0.00E+00,0,1,00c8,62,0.00E+00,5a,57,6,4d,44,029f,3704,62
28,00:00:28,0.00E+00,0,5,00c7,62,0.00E+00,5a,57,6,4d,44,02ae,36cc,63
28,00:00:28,0.00E+00,0,5,00c9,63,0d70,5a,57,6,4d,44,02ae,36cc,63
29,00:00:29,0dfc,0,5,00ce,63,0d70,5a,57,6,4d,44,02a4,36aa,62
29,00:00:29,0.00E+00,0,5,00cd,64,0.00E+00,5a,57,6,4d,44,02a4,36aa,62
30,00:00:30,0da8,0,1,00b7,64,0.00E+00,5a,57,6,4d,44,027d,36d0,64
30,00:00:30,0dd0,0,5,00d1,6b,0d84,5a,57,6,4d,44,027d,36d0,64
31,00:00:31,0de0,0,1,00d9,6b,0d84,5a,57,6,4d,44,02c1,36e8,5f
31,00:00:31,0.00E+00,0,1,00c9,61,0dc0,5a,57,6,4d,44,02c1,36e8,5f
32,00:00:32,0cd4,0,1,010e,61,0dc0,5a,57,6,4d,44,2e05,3714,5d
32,00:00:32,0f50,0,1,0.00E+00,65,0.00E+00,5a,57,7,4d,44,200,3700,5d
33,00:00:33,0eec,0,1,00cd,65,0.00E+00,5a,57,7,4d,44,200,3600,5f
33,00:00:33,0dbc,0,1,00cc,69,0d00,5a,57,6,4d,44,200,3600,5f
34,00:00:34,0e3c,0,5,00d0,69,0d00,5a,57,6,4e,44,200,3600,65
34,00:00:34,0.00E+00,0,5,00d2,67,0.00E+00,5a,57,7,4e,44,200,3600,65
35,00:00:35,0e4c,0,5,00d0,67,0.00E+00,5a,57,7,4e,44,200,3600,62
35,00:00:35,0.00E+00,0,5,00d0,64,0d00,5a,57,6,4e,44,200,3600,62
36,00:00:36,0.00E+00,0,5,00cf,64,0d00,5a,57,6,4e,44,200,3600,61
36,00:00:36,0.00E+00,0,5,00cf,66,0d00,5a,57,6,4e,44,200,3600,61
37,00:00:37,0dec,0,5,00d4,66,0d00,5a,57,6,4e,44,200,3600,5e
37,00:00:37,0eb0,0,1,00d3,62,0d00,5a,57,6,4e,44,200,3600,5e
38,00:00:38,0e7c,0,1,00c7,62,0d00,5a,57,6,4e,44,200,3600,65
38,00:00:38,0.00E+00,0,5,00c9,64,0d00,5a,57,6,4e,44,200,3600,65
39,00:00:39,0.00E+00,0,5,00c9,64,0d00,5a,57,6,4e,44,200,3600,5f
39,00:00:39,0e3c,0,1,00c9,61,0dac,5a,57,7,4e,44,287,36bb,5f
40,00:00:40,0.00E+00,0,1,00c8,61,0dac,5a,57,7,4e,44,02b9,36e1,63
40,00:00:40,0.00E+00,0,1,00c6,60,0dd4,5a,57,6,4e,44,02b9,36e1,63
41,00:00:41,0.00E+00,0,1,00c5,60,0dd4,5a,57,6,4e,44,029d,36e4,63
41,00:00:41,0.00E+00,0,1,00c6,61,0dac,5a,57,5,4e,44,029d,36e4,63
42,00:00:42,0e3c,0,1,00c7,61,0dac,5a,57,5,4e,44,02a1,370e,62
42,00:00:42,0e2c,0,1,00c6,61,0dd4,5a,57,4,4e,44,02a1,370e,62
43,00:00:43,0e3c,0,1,00c6,61,0dd4,5a,57,4,4e,44,02a8,36dc,67
43,00:00:43,0e2c,0,1,00c5,60,0de8,5a,57,4,4e,44,02a8,36dc,67
44,00:00:44,0da4,0,1,00cc,60,0de8,5a,57,4,4e,44,271,3706,58
44,00:00:44,0e0c,0,1,00ea,72,0d98,5a,57,4,4e,44,271,3706,58
45,00:00:45,0.00E+00,0,1,00ea,72,0d98,5a,57,4,4e,44,02dc,370a,63
45,00:00:45,0.00E+00,0,1,00ea,71,0de8,5a,57,5,4e,44,02dc,370a,63
46,00:00:46,0e2c,0,1,00eb,71,0de8,5a,57,5,4e,45,02ba,3702,62
46,00:00:46,0ec0,0,1,0.00E+00,69,0d00,5a,57,6,4e,45,200,3700,62
47,00:00:47,0ef8,0,5,00d1,69,0d00,5a,57,6,4f,44,200,3600,65
47,00:00:47,0ebc,0,5,00cc,5d,0.00E+00,5a,57,6,4f,44,200,3600,65
48,00:00:48,0.00E+00,0,1,00c2,5d,0.00E+00,5a,57,6,4f,44,200,3700,5f
48,00:00:48,0e3c,0,1,00c2,5f,0d00,5a,57,6,4f,44,200,3700,5f
49,00:00:49,0dfc,0,1,00c4,5f,0d00,5a,57,6,4f,44,200,3700,5d
49,00:00:49,0dac,0,1,00d8,6c,0d00,5a,57,6,4f,44,200,3700,5d
50,00:00:50,0.00E+00,0,1,00d8,6c,0d00,5a,57,6,4f,44,200,3700,64
50,00:00:50,0ea0,0,1,00d4,62,0d00,5a,57,6,4f,44,200,3700,64
51,00:00:51,0.00E+00,0,5,00c9,62,0d00,5a,57,6,4f,45,200,3600,64
51,00:00:51,0.00E+00,0,5,00c5,5f,0d00,5a,57,7,4f,45,200,3600,64
52,00:00:52,0.00E+00,0,5,00c5,5f,0d00,5a,57,7,4f,44,200,3600,61
52,00:00:52,0.00E+00,0,5,00c4,5f,0d00,5a,57,8,4f,44,200,3600,61
53,00:00:53,0e3c,0,5,00c5,5f,0d00,5a,57,8,4f,45,300,3600,5
53,00:00:53,0.00E+00,0,5,00c2,5f,0d5c,5a,57,9,4f,45,324,36ce,5
54,00:00:54,0.00E+00,0,5,00c2,5f,0d5c,5a,57,9,4f,45,337,36d9,5
54,00:00:54,0.00E+00,0,5,00c2,5f,0dc0,5a,57,0a,4f,45,337,36d9,5
55,00:00:55,0e1c,0,5,00c2,5f,0dc0,5a,57,0a,4f,45,033e,36c0,5
55,00:00:55,0.00E+00,0,5,00c1,5f,0d20,5a,57,9,4f,45,033e,36c0,5
56,00:00:56,0.00E+00,0,5,00c4,5f,0d20,5a,57,9,4f,45,348,36de,5
56,00:00:56,0.00E+00,0,5,00c2,5f,0d98,5a,57,9,4f,45,348,36de,5
57,00:00:57,0.00E+00,0,5,00c1,5f,0d98,5a,57,9,4f,45,333,36db,5
57,00:00:57,0e2c,0,5,00c5,60,0dc0,5a,57,9,4f,45,333,36db,5
58,00:00:58,0.00E+00,0,5,00c2,60,0dc0,5a,57,9,4f,45,033c,36ec,5
58,00:00:58,0.00E+00,0,5,00c2,5f,0d98,5a,57,9,4f,45,033c,36ec,5
59,00:00:59,0.00E+00,0,5,00c2,5f,0d98,5a,57,9,4f,45,346,36c5,5
59,00:00:59,0e3c,0,5,00c2,5f,0d5c,5a,57,8,4f,45,346,36c5,5
100,00:01:00,0.00E+00,0,5,00c2,5f,0d5c,5a,57,8,50,45,333,36ca,5
100,00:01:00,0.00E+00,0,5,00c1,5f,0d00,5a,57,8,50,45,300,3600,5
101,00:01:01,0.00E+00,0,5,00c2,5f,0d00,5a,57,8,50,45,300,3600,5
101,00:01:01,0.00E+00,0,5,00c2,5f,0d00,5a,57,7,50,45,300,3600,5
102,00:01:02,0e3c,0,5,00c2,5f,0d00,5a,57,7,50,45,300,3600,5
102,00:01:02,0.00E+00,0,5,00c1,5e,0d00,5a,57,6,50,45,300,3600,5
103,00:01:03,0.00E+00,0,5,00c0,5e,0d00,5a,57,6,50,45,300,3600,5
103,00:01:03,0.00E+00,0,5,00c0,5f,0d00,5a,57,6,50,45,300,3600,5
104,00:01:04,0e1c,0,5,00c1,5f,0d00,5a,57,6,50,45,300,3600,5
104,00:01:04,0.00E+00,0,5,00c0,5e,0d00,5a,57,6,50,45,300,3600,5
105,00:01:05,0e3c,0,5,00c0,5e,0d00,5a,57,6,50,45,300,3600,5
105,00:01:05,0.00E+00,0,5,00c0,5f,0d00,5a,57,7,50,45,300,3600,5
106,00:01:06,0.00E+00,0,5,00c1,5f,0d00,5a,57,7,50,45,300,3600,5
106,00:01:06,0.00E+00,0,5,00c0,5e,0d00,5a,57,8,50,45,300,3600,5
107,00:01:07,0.00E+00,0,5,00c0,5e,0d00,5a,57,8,50,45,300,3600,5
107,00:01:07,0e3c,0,5,00be,5d,0dc0,5a,57,8,50,45,335,36db,5
108,00:01:08,0e2c,0,5,00be,5d,0dc0,5a,57,8,50,45,335,36e1,5
108,00:01:08,0.00E+00,0,5,00bd,5d,0dc0,5a,57,8,50,45,335,36e1,5
109,00:01:09,0e1c,0,5,00be,5d,0dc0,5a,57,8,50,45,328,36c8,5
109,00:01:09,0.00E+00,0,5,00bf,5f,0d34,5a,57,7,50,45,328,36c8,5
110,00:01:10,0.00E+00,0,5,00c1,5f,0d34,5a,57,7,50,45,033a,36bd,5
110,00:01:10,0e2c,0,5,00c1,5e,0dc0,5a,57,8,50,45,033a,36bd,5
111,00:01:11,0.00E+00,0,5,00bf,5e,0dc0,5a,57,8,50,45,333,36d8,5
111,00:01:11,0.00E+00,0,5,00c0,5d,0dac,5a,57,6,50,45,333,36d8,5
112,00:01:12,0df4,0,5,00c1,5d,0dac,5a,57,6,50,45,031d,367e,5
112,00:01:12,0.00E+00,0,5,00c3,61,0dac,5a,57,4,50,45,031d,367e,5
113,00:01:13,0e3c,0,5,00c6,61,0dac,5a,57,4,51,45,032b,369a,5
113,00:01:13,0.00E+00,0,5,00c3,5e,0d20,5a,57,5,51,45,032b,369a,5
114,00:01:14,0.00E+00,0,5,00c2,5e,0d20,5a,57,5,51,45,033a,36c0,5
114,00:01:14,0.00E+00,0,5,00c0,5d,0d00,5a,57,4,51,45,300,3600,5
115,00:01:15,0.00E+00,0,5,00be,5d,0d00,5a,57,4,51,45,300,3600,5
115,00:01:15,0e2c,0,5,00bd,5c,0d00,5a,57,2,51,45,300,3600,5
116,00:01:16,0.00E+00,0,5,00bc,5c,0d00,5a,57,2,51,45,300,3600,5
116,00:01:16,0.00E+00,0,5,00bc,5c,0d00,5a,57,0,51,45,300,3600,5
117,00:01:17,0.00E+00,0,5,00bd,5c,0d00,5a,57,0,51,45,300,3600,5
117,00:01:17,0e1c,0,5,00bc,5d,0d00,5a,57,0,51,45,300,3600,5
118,00:01:18,0.00E+00,0,5,00bb,5d,0d00,5a,57,0,51,45,300,3600,5
118,00:01:18,0e2c,0,5,00bc,5c,0d00,5a,57,0,51,45,300,3600,5
119,00:01:19,0e3c,0,5,00bb,5c,0d00,5a,57,0,51,45,300,3600,5
119,00:01:19,0.00E+00,0,5,00ba,5b,0d00,5a,57,0,51,45,300,3600,5
120,00:01:20,0.00E+00,0,5,00bb,5b,0d00,5a,57,0,51,45,300,3600,5
120,00:01:20,0.00E+00,0,5,00bb,5c,0d00,5a,57,0,51,45,300,3600,5
121,00:01:21,0.00E+00,0,5,00bb,5c,0d00,5a,57,0,51,45,300,3600,5
121,00:01:21,0.00E+00,0,5,00ba,5c,0d5c,5a,57,0,51,45,329,36cb,5
122,00:01:22,0e1c,0,5,00b9,5c,0d5c,5a,57,0,51,45,032d,36d2,5
122,00:01:22,0.00E+00,0,5,00ba,5c,0d48,5a,57,0,51,45,032d,36d2,5
123,00:01:23,0.00E+00,0,5,00bb,5c,0d48,5a,57,0,51,45,346,36d9,5
123,00:01:23,0.00E+00,0,5,00ba,5b,0d34,5a,57,0,51,45,346,36d9,5
124,00:01:24,0.00E+00,0,5,00ba,5b,0d34,5a,57,0,51,45,033a,36a1,5
124,00:01:24,0.00E+00,0,5,00bb,5c,0d98,5a,57,0,51,45,033a,36a1,5
125,00:01:25,0.00E+00,0,5,00ba,5c,0d98,5a,57,0,52,45,032d,36c4,5
125,00:01:25,0.00E+00,0,5,00b9,5b,0d70,5a,57,0,52,45,032d,36c4,5
126,00:01:26,0.00E+00,0,5,00b9,5b,0d70,5a,57,0,52,45,330,36de,5
126,00:01:26,0e1c,0,5,00b9,5c,0dc0,5a,57,0,52,45,330,36de,5
127,00:01:27,0.00E+00,0,5,00b9,5c,0dc0,5a,57,0,52,45,339,36d6,5
127,00:01:27,0.00E+00,0,5,00b9,5b,0d20,5a,57,0,52,45,339,36d6,5
128,00:01:28,0e3c,0,5,00ba,5b,0d20,5a,57,0,52,45,033f,36b6,5
128,00:01:28,0e3c,0,5,00b8,5a,0d00,5a,57,0,52,45,300,3600,5
129,00:01:29,0e1c,0,5,00b7,5a,0d00,5a,57,0,52,45,300,3600,5
129,00:01:29,0.00E+00,0,5,00b9,5c,0d00,5a,57,0,52,45,300,3600,5
130,00:01:30,0.00E+00,0,5,00b9,5c,0d00,5a,57,0,52,45,300,3600,5
130,00:01:30,0.00E+00,0,5,00b8,5a,0d00,5a,57,0,52,45,300,3600,5
131,00:01:31,0e2c,0,5,00b8,5a,0d00,5a,57,0,52,45,300,3600,5
131,00:01:31,0e2c,0,5,00b9,5b,0d00,5a,57,0,52,45,300,3600,5
132,00:01:32,0.00E+00,0,5,00b7,5b,0d00,5a,57,0,52,45,300,3600,5
132,00:01:32,0e2c,0,5,00b7,5a,0d00,5a,57,0,52,45,300,3600,5
133,00:01:33,0.00E+00,0,5,00b7,5a,0d00,5a,57,0,52,45,300,3600,5
133,00:01:33,0.00E+00,0,5,00b8,5b,0d00,5a,57,0,52,45,300,3600,5
134,00:01:34,0.00E+00,0,5,00b7,5b,0d00,5a,57,0,52,45,300,3600,5
134,00:01:34,0e2c,0,5,00b7,5a,0d00,5a,57,0,52,45,300,3600,5
135,00:01:35,0e3c,0,5,00b6,5a,0d00,5a,57,0,52,45,300,3600,5
135,00:01:35,0.00E+00,0,5,00b6,5a,0d48,5a,57,0,52,45,034b,36c0,5
136,00:01:36,0.00E+00,0,5,00b6,5a,0d48,5a,57,0,52,45,337,36be,5
136,00:01:36,0.00E+00,0,5,00b7,5b,0d48,5a,57,0,52,45,337,36be,5
137,00:01:37,0e3c,0,5,00b8,5b,0d48,5a,57,0,52,45,033c,36dd,5
137,00:01:37,0.00E+00,0,5,00b8,5a,0d5c,5a,57,0,52,45,033c,36dd,5
138,00:01:38,0.00E+00,0,5,00b6,5a,0d5c,5a,57,0,52,45,330,36e4,5
138,00:01:38,0.00E+00,0,5,00b4,59,0d98,5a,57,0,52,45,330,36e4,5
139,00:01:39,0.00E+00,0,5,00b5,59,0d98,5a,57,0,53,45,033c,36c6,5
139,00:01:39,0.00E+00,0,5,00b4,59,0d48,5a,57,0,53,45,033c,36c6,5
140,00:01:40,0.00E+00,0,5,00b5,59,0d48,5a,57,0,53,45,335,36bf,5
140,00:01:40,0.00E+00,0,5,00b5,5a,0dac,5a,57,0,53,45,335,36bf,5
141,00:01:41,0.00E+00,0,5,00b4,5a,0dac,5a,57,0,53,45,033a,36d4,5
141,00:01:41,0e2c,0,5,00b6,5a,0d98,5a,57,0,53,45,033a,36d4,5
142,00:01:42,0.00E+00,0,5,00b4,5a,0d98,5a,57,0,53,45,337,36e6,5
142,00:01:42,0.00E+00,0,5,00b6,5a,0d00,5a,57,0,53,45,300,3600,5
143,00:01:43,0e2c,0,5,00b5,5a,0d00,5a,57,0,53,45,300,3600,5
143,00:01:43,0e1c,0,5,00b5,5a,0d00,5a,57,0,53,45,300,3600,5
144,00:01:44,0e3c,0,5,00b6,5a,0d00,5a,57,0,53,45,300,3600,5
144,00:01:44,0.00E+00,0,5,00b5,59,0d00,5a,57,0,53,45,300,3600,5
145,00:01:45,0.00E+00,0,5,00b5,59,0d00,5a,57,0,53,45,300,3600,5
145,00:01:45,0.00E+00,0,5,00b4,5a,0d00,5a,57,0,53,45,300,3600,5
146,00:01:46,0e3c,0,5,00b4,5a,0d00,5a,57,0,53,45,300,3600,5
146,00:01:46,0.00E+00,0,5,00b6,5a,0d00,5a,57,0,53,45,300,3600,5
147,00:01:47,0e2c,0,5,00b3,5a,0d00,5a,57,0,53,45,300,3600,5
147,00:01:47,0e2c,0,5,00b4,59,0d00,5a,57,0,53,45,300,3600,5
148,00:01:48,0.00E+00,0,5,00b4,59,0d00,5a,57,0,53,45,300,3600,5
148,00:01:48,0.00E+00,0,5,00b4,59,0d00,5a,57,0,53,45,300,3600,5
149,00:01:49,0e3c,0,5,00b3,59,0d00,5a,57,0,53,45,300,3600,5
149,00:01:49,0e2c,0,5,00b3,58,0dc0,5a,57,0,53,45,032d,36cc,5
150,00:01:50,0.00E+00,0,5,00b4,58,0dc0,5a,57,0,53,45,326,36da,5
150,00:01:50,0.00E+00,0,5,00b3,59,0d70,5a,57,0,53,45,326,36da,5
151,00:01:51,0.00E+00,0,5,00b4,59,0d70,5a,57,0,53,45,032e,36d0,5
151,00:01:51,0.00E+00,0,5,00b4,59,0d70,5a,57,0,53,45,032e,36d0,5
152,00:01:52,0.00E+00,0,5,00b3,59,0d70,5a,57,0,53,45,332,36be,5
152,00:01:52,0.00E+00,0,5,00b3,58,0d20,5a,57,0,53,45,332,36be,5
153,00:01:53,0e1c,0,5,00b4,58,0d20,5a,57,0,53,45,337,36c1,5
153,00:01:53,0.00E+00,0,5,00b3,58,0d34,5a,57,0,53,45,337,36c1,5
154,00:01:54,0.00E+00,0,5,00b3,58,0d34,5a,57,0,53,45,033f,36d5,5
154,00:01:54,0.00E+00,0,5,00b4,59,0d70,5a,57,0,53,45,033f,36d5,5
155,00:01:55,0.00E+00,0,5,00b4,59,0d70,5a,57,0,54,45,321,36d4,5
155,00:01:55,0e2c,0,5,00b4,58,0d48,5a,57,0,54,45,321,36d4,5
156,00:01:56,0.00E+00,0,5,00b3,58,0d48,5a,57,0,54,45,330,36cc,5
156,00:01:56,0.00E+00,0,5,00b2,57,0d00,5a,57,0,54,45,300,3600,5
157,00:01:57,0.00E+00,0,5,00b1,57,0d00,5a,57,0,54,45,300,3600,5
157,00:01:57,0.00E+00,0,5,00b1,58,0d00,5a,57,0,54,45,300,3600,5
158,00:01:58,0.00E+00,0,5,00b2,58,0d00,5a,57,0,54,45,300,3600,5
158,00:01:58,0.00E+00,0,5,00b1,57,0d00,5a,57,0,54,45,300,3600,5
159,00:01:59,0.00E+00,0,5,00b2,57,0d00,5a,57,0,54,45,300,3600,5
159,00:01:59,0e2c,0,5,00b2,58,0d00,5a,57,0,54,45,300,3600,5
200,00:02:00,0.00E+00,0,5,00b2,58,0d00,5a,57,0,54,45,300,3600,5
200,00:02:00,0e2c,0,5,00b2,58,0d00,5a,57,0,54,45,300,3600,5
201,00:02:01,0.00E+00,0,5,00b3,58,0d00,5a,57,0,54,45,300,3600,5
201,00:02:01,0e2c,0,5,00b3,58,0c00,5a,57,0,54,45,300,3600,5
202,00:02:02,0.00E+00,0,5,00b2,58,0c00,5a,57,0,54,45,300,3600,5
202,00:02:02,0.00E+00,0,5,00b3,58,0d00,5a,57,0,54,45,300,3600,5
203,00:02:03,0.00E+00,0,5,00b1,58,0d00,5a,57,0,54,45,300,3600,5
203,00:02:03,0.00E+00,0,5,00b2,58,0d70,5a,57,0,54,45,335,36d9,5
204,00:02:04,0.00E+00,0,5,00b2,58,0d70,5a,57,0,54,45,326,36cc,5
204,00:02:04,0.00E+00,0,5,00b2,58,0d0c,5a,57,0,54,45,326,36cc,5
205,00:02:05,0.00E+00,0,5,00b2,58,0d0c,5a,57,0,54,45,330,36c6,5
205,00:02:05,0.00E+00,0,5,00b1,58,0d98,5a,57,0,54,45,330,36c6,5
206,00:02:06,0.00E+00,0,5,00b3,58,0d98,5a,57,0,54,45,335,36bf,5
206,00:02:06,0.00E+00,0,5,00b2,58,0d0c,5a,57,0,54,45,335,36bf,5
207,00:02:07,0.00E+00,0,5,00aa,58,0d0c,5a,57,0,54,45,321,375f,5
207,00:02:07,0dfc,0,5,00a7,54,0d70,5a,57,0,54,45,321,375f,5
208,00:02:08,0e2c,0,5,00aa,54,0d70,5a,57,0,54,45,332,375d,5
208,00:02:08,0.00E+00,0,5,00a8,54,0d70,5a,57,0,54,45,332,375d,5
209,00:02:09,0.00E+00,0,5,00a8,54,0d70,5a,57,0,54,45,031c,3762,5
209,00:02:09,0.00E+00,0,5,00a8,54,0d5c,5a,57,0,54,45,031c,3762,5
210,00:02:10,0.00E+00,0,5,00a9,54,0d5c,5a,57,0,54,45,333,3741,5
210,00:02:10,0e2c,0,5,00a8,53,0d00,5a,57,0,54,45,300,3700,5
211,00:02:11,0.00E+00,0,5,00a8,53,0d00,5a,57,0,55,45,300,3700,5
211,00:02:11,0.00E+00,0,1,00a7,52,0c00,5a,57,0,55,45,300,3700,5
212,00:02:12,0.00E+00,0,1,00a5,52,0c00,5a,57,0,55,45,300,3700,5
212,00:02:12,0e1c,0,5,00a5,52,0d00,5a,57,0,55,45,300,3700,5
213,00:02:13,0.00E+00,0,5,00aa,52,0d00,5a,57,0,55,45,300,3700,5
213,00:02:13,0e1c,0,5,00a8,54,0c00,5a,57,1,55,45,300,3700,5
214,00:02:14,0.00E+00,0,5,00a8,54,0c00,5a,57,1,55,45,300,3700,5
214,00:02:14,0e1c,0,5,00a8,54,0d00,5a,57,1,55,45,300,3700,5
215,00:02:15,0.00E+00,0,5,00a8,54,0d00,5a,57,1,55,45,300,3700,5
215,00:02:15,0.00E+00,0,5,00a9,54,0d00,5a,57,0,55,45,300,3700,5
216,00:02:16,0e2c,0,5,00aa,54,0d00,5a,57,0,55,45,300,3700,5
216,00:02:16,0.00E+00,0,5,00a8,54,0d00,5a,57,0,55,45,300,3700,5
217,00:02:17,0.00E+00,0,5,00a9,54,0d00,5a,57,0,55,45,300,3700,5
217,00:02:17,0.00E+00,0,5,00a9,54,0d5c,5a,57,0,55,45,329,3755,5
218,00:02:18,0.00E+00,0,5,00a8,54,0d5c,5a,57,0,55,45,333,3737,5
218,00:02:18,0.00E+00,0,5,00a8,55,0d5c,5a,57,0,55,45,333,3737,5
219,00:02:19,0e1c,0,5,00a9,55,0d5c,5a,57,0,55,45,032b,3741,5
219,00:02:19,0e2c,0,5,00a8,54,0d20,5a,57,0,55,45,032b,3741,5
220,00:02:20,0.00E+00,0,5,00a9,54,0d20,5a,57,0,55,45,339,3758,5
220,00:02:20,0.00E+00,0,5,00a9,54,0d0c,5a,57,0,55,45,339,3758,5
221,00:02:21,0.00E+00,0,5,00a9,54,0d0c,5a,57,0,55,45,333,374a,5
221,00:02:21,0e1c,0,5,00a9,54,0d20,5a,57,0,55,45,333,374a,5
222,00:02:22,0.00E+00,0,5,00aa,54,0d20,5a,57,0,55,45,326,3744,5
222,00:02:22,0.00E+00,0,5,00ac,55,0d34,5a,57,0,55,45,326,3744,5
223,00:02:23,0.00E+00,0,5,00a9,55,0d34,5a,57,0,55,45,335,375a,5
223,00:02:23,0.00E+00,0,5,00ab,55,0dc0,5a,57,0,55,45,335,375a,5
224,00:02:24,0e2c,0,5,00a9,55,0dc0,5a,57,0,55,45,337,375f,5
224,00:02:24,0.00E+00,0,5,00a9,55,0c00,5a,57,0,55,45,300,3700,5
225,00:02:25,0.00E+00,0,5,00ab,55,0c00,5a,57,0,55,45,300,3700,5
225,00:02:25,0.00E+00,0,5,00aa,54,0d00,5a,57,0,55,45,300,3700,5
226,00:02:26,0e0c,0,5,00b4,54,0d00,5a,57,0,55,45,300,3400,5
226,00:02:26,0df8,0,5,00b8,5c,0c00,5a,57,0,55,45,300,3400,5
227,00:02:27,0.00E+00,0,5,00bc,5c,0c00,5a,57,0,55,45,300,3600,5
227,00:02:27,0e5c,0,5,00b8,59,0d00,5a,57,0,55,45,300,3600,5
228,00:02:28,0.00E+00,0,5,00b4,59,0d00,5a,57,0,55,45,300,3600,5
228,00:02:28,0e2c,0,5,00b3,58,0d00,5a,57,0,55,45,300,3600,5
229,00:02:29,0.00E+00,0,5,00b2,58,0d00,5a,57,0,56,45,300,3600,5
229,00:02:29,0e2c,0,5,00b3,58,0d00,5a,57,0,56,45,300,3600,5
230,00:02:30,0e2c,0,5,00b1,58,0d00,5a,57,0,56,45,300,3600,5
230,00:02:30,0e1c,0,5,00b1,58,0d00,5a,57,0,56,45,300,3600,5
231,00:02:31,0e2c,0,5,00b1,58,0d00,5a,57,0,56,45,300,3600,5
231,00:02:31,0e1c,0,5,00b1,58,0cf8,5a,57,0,56,45,326,36b6,5
232,00:02:32,0.00E+00,0,5,00b2,58,0cf8,5a,57,0,56,45,033c,36cd,5
232,00:02:32,0e2c,0,5,00b0,57,0d98,5a,57,0,56,45,033c,36cd,5
233,00:02:33,0.00E+00,0,5,00b0,57,0d98,5a,57,0,56,45,330,36d2,5
233,00:02:33,0.00E+00,0,5,00b0,57,0cd0,5a,57,0,56,45,330,36d2,5
234,00:02:34,0.00E+00,0,5,00b0,57,0cd0,5a,57,0,56,45,333,36b1,5
234,00:02:34,0.00E+00,0,5,00b0,57,0d98,5a,57,0,56,45,333,36b1,5
235,00:02:35,0e1c,0,5,00b0,57,0d98,5a,57,0,56,45,032b,36ba,5
235,00:02:35,0.00E+00,0,5,00b0,57,0d70,5a,57,0,56,45,032b,36ba,5
236,00:02:36,0.00E+00,0,5,00b0,57,0d70,5a,57,0,56,45,328,36ce,5
236,00:02:36,0.00E+00,0,5,00b0,57,0d70,5a,57,0,56,45,328,36ce,5
237,00:02:37,0.00E+00,0,5,00b0,57,0d70,5a,57,0,56,45,033e,36d5,5
237,00:02:37,0e2c,0,5,00b0,57,0d0c,5a,57,0,56,45,033e,36d5,5
238,00:02:38,0e3c,0,5,00ae,57,0d0c,5a,57,0,56,45,337,36b2,5
238,00:02:38,0.00E+00,0,5,00ad,56,0d00,5a,57,0,56,45,300,3600,5
239,00:02:39,0.00E+00,0,5,00ad,56,0d00,5a,57,0,56,45,300,3600,5
239,00:02:39,0e1c,0,5,00ac,56,0d00,5a,57,0,56,45,300,3600,5
240,00:02:40,0.00E+00,0,5,00ad,56,0d00,5a,57,0,56,45,300,3600,5
240,00:02:40,0.00E+00,0,5,00ad,57,0c00,5a,57,0,56,45,300,3600,5
241,00:02:41,0.00E+00,0,5,00ae,57,0c00,5a,57,0,56,45,300,3600,5
241,00:02:41,0e1c,0,5,00ae,57,0d00,5a,57,0,56,45,300,3600,5
242,00:02:42,0.00E+00,0,5,00ae,57,0d00,5a,57,0,56,45,300,3600,5
242,00:02:42,0.00E+00,0,5,00ae,56,0c00,5a,57,0,56,45,300,3600,5
243,00:02:43,0.00E+00,0,5,00ad,56,0c00,5a,57,0,56,45,300,3600,5
243,00:02:43,0e1c,0,5,00ad,56,0d00,5a,57,0,56,45,300,3600,5
244,00:02:44,0.00E+00,0,5,00ad,56,0d00,5a,57,0,56,45,300,3600,5
244,00:02:44,0.00E+00,0,5,00ad,56,0d00,5a,57,0,56,45,300,3600,5
245,00:02:45,0.00E+00,0,5,00ae,56,0d00,5a,57,0,56,45,300,3600,5
245,00:02:45,0.00E+00,0,5,00ae,56,0d70,5a,57,0,56,45,328,36bf,5
246,00:02:46,0e2c,0,5,00ae,56,0d70,5a,57,0,56,45,033a,36d6,5
246,00:02:46,0e2c,0,5,00ac,56,0d5c,5a,57,0,56,45,033a,36d6,5
247,00:02:47,0.00E+00,0,5,00ad,56,0d5c,5a,57,0,57,45,033f,36d0,5
247,00:02:47,0.00E+00,0,5,00ad,56,0d34,5a,57,0,57,45,033f,36d0,5
248,00:02:48,0e1c,0,5,00ad,56,0d34,5a,57,0,57,45,337,36b0,5
248,00:02:48,0e1c,0,5,00ac,55,0d20,5a,57,0,57,45,337,36b0,5
249,00:02:49,0.00E+00,0,5,00ac,55,0d20,5a,57,0,57,45,322,36bd,5
249,00:02:49,0e2c,0,5,00ac,56,0d34,5a,57,0,57,45,322,36bd,5
250,00:02:50,0.00E+00,0,5,00ac,56,0d34,5a,57,0,57,45,031f,36bb,5
250,00:02:50,0.00E+00,0,5,00ad,56,0dc0,5a,57,0,57,45,031f,36bb,5
251,00:02:51,0.00E+00,0,5,00ac,56,0dc0,5a,57,0,57,45,032d,36bf,5
251,00:02:51,0.00E+00,0,5,00ad,56,0d0c,5a,57,0,57,45,032d,36bf,5
252,00:02:52,0.00E+00,0,5,00ac,56,0d0c,5a,57,0,57,45,335,36bf,5
252,00:02:52,0.00E+00,0,5,00ad,56,0d00,5a,57,0,57,45,300,3600,5
253,00:02:53,0e2c,0,5,00ac,56,0d00,5a,57,0,57,45,300,3600,5
253,00:02:53,0.00E+00,0,5,00ac,56,0d00,5a,57,0,57,45,300,3600,5
254,00:02:54,0.00E+00,0,5,00ad,56,0d00,5a,57,0,57,45,300,3600,5
254,00:02:54,0.00E+00,0,5,00ac,55,0d00,5a,57,0,57,45,300,3600,5
255,00:02:55,0.00E+00,0,5,00ac,55,0d00,5a,57,0,57,45,300,3600,5
255,00:02:55,0.00E+00,0,5,00ac,56,0d00,5a,57,0,57,45,300,3600,5
256,00:02:56,0.00E+00,0,5,00ae,56,0d00,5a,57,0,57,45,300,3600,5
256,00:02:56,0.00E+00,0,5,00ad,55,0d00,5a,57,0,57,45,300,3600,5
257,00:02:57,0.00E+00,0,5,00ac,55,0d00,5a,57,0,57,45,300,3600,5
257,00:02:57,0.00E+00,0,5,00ac,56,0d00,5a,57,0,57,45,300,3600,5
258,00:02:58,0.00E+00,0,5,00ac,56,0d00,5a,57,0,57,46,300,3600,5
258,00:02:58,0e2c,0,5,00ad,56,0c00,5a,57,0,57,46,300,3600,5
259,00:02:59,0.00E+00,0,5,00ac,56,0c00,5a,57,0,57,45,300,3600,5
259,00:02:59,0.00E+00,0,5,00ad,56,0d48,5a,57,0,57,45,032b,36ac,5
300,00:03:00,0.00E+00,0,5,00ac,56,0d48,5a,57,0,57,45,032e,36cc,5
300,00:03:00,0.00E+00,0,5,00aa,54,0d48,5a,57,0,57,45,032e,36cc,5
301,00:03:01,0e1c,0,5,00ac,54,0d48,5a,57,0,57,46,321,36d2,5
301,00:03:01,0.00E+00,0,5,00ab,55,0dc0,5a,57,0,57,46,321,36d2,5
302,00:03:02,0.00E+00,0,5,00ab,55,0dc0,5a,57,0,57,45,333,3690,5
302,00:03:02,0.00E+00,0,5,00ac,56,0cf8,5a,57,0,57,45,333,3690,5
303,00:03:03,0.00E+00,0,5,00ae,56,0cf8,5a,57,0,57,46,335,369a,5
303,00:03:03,0.00E+00,0,5,00ad,56,0d98,5a,57,0,57,46,335,369a,5
304,00:03:04,0.00E+00,0,5,00ae,56,0d98,5a,57,0,57,46,326,3698,5
304,00:03:04,0.00E+00,0,5,00ad,56,0d0c,5a,57,0,57,46,326,3698,5
305,00:03:05,0e2c,0,5,00ad,56,0d0c,5a,57,0,57,45,031d,3699,5
305,00:03:05,0e2c,0,5,00ad,56,0d70,5a,57,0,57,45,031d,3699,5
306,00:03:06,0e2c,0,5,00ac,56,0d70,5a,57,0,57,45,031c,36bc,5
306,00:03:06,0e2c,0,5,00ad,56,0d00,5a,57,0,57,45,300,3600,5
307,00:03:07,0.00E+00,0,5,00ac,56,0d00,5a,57,0,58,45,300,3600,5
307,00:03:07,0.00E+00,0,5,00ac,56,0d00,5a,57,0,58,45,300,3600,5
308,00:03:08,0.00E+00,0,5,00ad,56,0d00,5a,57,0,58,46,300,3600,5
308,00:03:08,0.00E+00,0,5,00ad,56,0d00,5a,57,0,58,46,300,3600,5
309,00:03:09,0.00E+00,0,5,00ac,56,0d00,5a,57,0,58,45,300,3600,5
309,00:03:09,0e2c,0,5,00ac,55,0d00,5a,57,0,58,45,300,3600,5
310,00:03:10,0.00E+00,0,5,00ad,55,0d00,5a,57,0,58,46,300,3600,5
310,00:03:10,0.00E+00,0,5,00ac,56,0d00,5a,57,0,58,46,300,3600,5
311,00:03:11,0.00E+00,0,5,00ac,56,0d00,5a,57,0,58,45,300,3600,5
311,00:03:11,0.00E+00,0,5,00ac,56,0d00,5a,57,0,58,45,300,3600,5
312,00:03:12,0.00E+00,0,5,00ad,56,0d00,5a,57,0,58,46,300,3600,5
312,00:03:12,0.00E+00,0,5,00ac,55,0d00,5a,57,0,58,46,300,3600,5
313,00:03:13,0.00E+00,0,5,00ab,55,0d00,5a,57,0,58,46,300,3600,5
313,00:03:13,0.00E+00,0,5,00ac,56,0ca8,5a,57,0,58,46,329,36b4,5
314,00:03:14,0e2c,0,5,00ac,56,0ca8,5a,57,0,58,45,033a,367c,5
314,00:03:14,0e1c,0,5,00ad,56,0dac,5a,57,0,58,45,033a,367c,5
315,00:03:15,0.00E+00,0,5,00ad,56,0dac,5a,57,0,58,46,324,3678,5
315,00:03:15,0.00E+00,0,5,00ac,55,0d34,5a,57,0,58,46,324,3678,5
316,00:03:16,0.00E+00,0,5,00ad,55,0d34,5a,57,0,58,46,032b,3673,5
316,00:03:16,0.00E+00,0,5,00ae,57,0ce4,5a,57,0,58,46,032b,3673,5
317,00:03:17,0.00E+00,0,5,00af,57,0ce4,5a,57,0,58,46,032b,366d,5
317,00:03:17,0.00E+00,0,5,00ab,54,0d34,5a,57,0,58,46,032b,366d,5
318,00:03:18,0.00E+00,0,5,00ac,54,0d34,5a,57,0,58,45,335,3673,5
318,00:03:18,0.00E+00,0,5,00ac,55,0cf8,5a,57,0,58,45,335,3673,5
319,00:03:19,0e2c,0,5,00aa,55,0cf8,5a,57,0,58,45,339,3668,5
319,00:03:19,0.00E+00,0,5,00aa,54,0ce4,5a,57,0,58,45,339,3668,5
320,00:03:20,0.00E+00,0,5,00aa,54,0ce4,5a,57,0,58,45,339,36ea,5
320,00:03:20,0.00E+00,0,5,009f,50,0d00,5a,57,0,58,45,300,3600,5
321,00:03:21,0.00E+00,0,5,00a0,50,0d00,5a,57,0,58,46,300,3700,5
321,00:03:21,0.00E+00,0,5,00a1,51,0d00,5a,57,0,58,46,300,3700,5
322,00:03:22,0.00E+00,0,5,00a0,51,0d00,5a,57,0,58,45,300,3700,5
322,00:03:22,0e2c,0,5,00a1,50,0c00,5a,57,0,58,45,300,3700,5
323,00:03:23,0.00E+00,0,5,00a2,50,0c00,5a,57,0,58,46,300,3600,5
323,00:03:23,0.00E+00,0,5,00a2,51,0d00,5a,57,0,58,46,300,3600,5
324,00:03:24,0.00E+00,0,5,00a1,51,0d00,5a,57,0,58,46,300,3600,5
324,00:03:24,0.00E+00,0,5,00a2,51,0c00,5a,57,0,58,46,300,3600,5
325,00:03:25,0e2c,0,5,00a2,51,0c00,5a,57,0,58,46,300,3600,5
325,00:03:25,0.00E+00,0,5,00a1,50,0d00,5a,57,0,58,46,300,3600,5
326,00:03:26,0.00E+00,0,5,00a2,50,0d00,5a,57,0,58,46,300,3600,5
326,00:03:26,0.00E+00,0,5,00a1,50,0d00,5a,57,0,58,46,300,3600,5
327,00:03:27,0.00E+00,0,5,00a2,50,0d00,5a,57,0,58,46,300,3600,5
327,00:03:27,0e2c,0,5,00a1,51,0d0c,5a,57,0,58,46,032b,36f3,5
328,00:03:28,0e2c,0,5,00a1,51,0d0c,5a,57,0,58,46,335,36da,5
328,00:03:28,0e2c,0,5,00a1,51,0ce4,5a,57,0,58,46,335,36da,5
329,00:03:29,0.00E+00,0,5,00a1,51,0ce4,5a,57,0,59,46,333,36dd,5
329,00:03:29,0.00E+00,0,5,00a1,50,0cd0,5a,57,0,59,46,333,36dd,5
330,00:03:30,0.00E+00,0,5,00a2,50,0cd0,5a,57,0,59,46,328,36fb,5
330,00:03:30,0.00E+00,0,5,00a1,51,0cf8,5a,57,0,59,46,328,36fb,5
331,00:03:31,0.00E+00,0,5,00a3,51,0cf8,5a,57,0,59,46,322,36fc,5
331,00:03:31,0.00E+00,0,5,00a2,51,0ca8,5a,57,0,59,46,322,36fc,5
332,00:03:32,0.00E+00,0,5,00a2,51,0ca8,5a,57,0,59,46,332,36ec,5
332,00:03:32,0.00E+00,0,5,00a2,52,0d48,5a,57,0,59,46,332,36ec,5
333,00:03:33,0.00E+00,0,5,00a4,52,0d48,5a,57,0,59,46,032e,36ef,5
333,00:03:33,0.00E+00,0,5,00a3,51,0c80,5a,57,0,59,46,032e,36ef,5
334,00:03:34,0.00E+00,0,5,00a3,51,0c80,5a,57,0,59,46,335,36e4,5
334,00:03:34,0.00E+00,0,5,00a4,52,0d00,5a,57,0,59,46,300,3600,5
335,00:03:35,0e2c,0,5,00a3,52,0d00,5a,57,0,59,46,300,3600,5
335,00:03:35,0e1c,0,5,00a3,52,0d00,5a,57,0,59,46,300,3600,5
336,00:03:36,0.00E+00,0,5,00a4,52,0d00,5a,57,0,59,46,300,3400,5
336,00:03:36,0.00E+00,0,5,00ae,57,0c00,5a,57,0,59,46,300,3400,5
337,00:03:37,0ddc,0,5,00b1,57,0c00,5a,57,0,59,46,300,3500,5
337,00:03:37,0e1c,0,5,00b3,59,0d00,5a,57,0,59,46,300,3500,5
338,00:03:38,0.00E+00,0,5,00b1,59,0d00,5a,57,0,59,46,300,3600,5
338,00:03:38,0.00E+00,0,5,00ae,55,0d00,5a,57,0,59,46,300,3600,5
339,00:03:39,0.00E+00,0,5,00ad,55,0d00,5a,57,0,59,46,300,3600,5
339,00:03:39,0.00E+00,0,5,00a9,54,0d00,5a,57,0,59,46,300,3600,5
340,00:03:40,0e2c,0,5,00ad,54,0d00,5a,57,0,59,46,300,3600,5
340,00:03:40,0.00E+00,0,5,00aa,55,0d00,5a,57,0,59,46,300,3600,5
341,00:03:41,0.00E+00,0,5,00ac,55,0d00,5a,57,0,59,46,300,3600,5
341,00:03:41,0.00E+00,0,5,00ab,54,0d70,5a,57,0,59,46,324,3676,5
342,00:03:42,0.00E+00,0,5,00ac,54,0d70,5a,57,0,59,46,328,3671,5
342,00:03:42,0.00E+00,0,5,00a9,54,0d20,5a,57,0,59,46,328,3671,5
343,00:03:43,0.00E+00,0,5,00aa,54,0d20,5a,57,0,59,46,032d,365d,5
343,00:03:43,0.00E+00,0,5,00a8,54,0d70,5a,57,0,59,46,032d,365d,5
344,00:03:44,0.00E+00,0,5,00aa,54,0d70,5a,57,0,59,46,332,3665,5
344,00:03:44,0.00E+00,0,5,00aa,54,0cf8,5a,57,0,59,46,332,3665,5
345,00:03:45,0.00E+00,0,5,00ac,54,0cf8,5a,57,0,59,46,332,366d,5
345,00:03:45,0.00E+00,0,5,00a8,54,0d98,5a,57,0,59,46,332,366d,5
346,00:03:46,0e1c,0,5,00a9,54,0d98,5a,57,0,59,46,337,3675,5
346,00:03:46,0.00E+00,0,5,00a8,54,0d48,5a,57,0,59,46,337,3675,5
347,00:03:47,0.00E+00,0,5,00a8,54,0d48,5a,57,0,5a,46,330,3679,5
347,00:03:47,0.00E+00,0,5,00a8,54,0d48,5a,57,0,5a,46,330,3679,5
348,00:03:48,0e1c,0,5,00a8,54,0d48,5a,57,0,5a,46,341,3669,5
348,00:03:48,0.00E+00,0,5,00a8,53,0d00,5a,57,0,5a,46,300,3600,5
349,00:03:49,0e2c,0,5,00a6,53,0d00,5a,57,0,5a,46,300,3600,5
349,00:03:49,0.00E+00,0,5,00a7,54,0d00,5a,57,0,5a,46,300,3600,5
350,00:03:50,0.00E+00,0,5,00a8,54,0d00,5a,57,0,5a,46,300,3600,5
350,00:03:50,0.00E+00,0,5,00a8,53,0d00,5a,57,0,5a,46,300,3600,5
351,00:03:51,0.00E+00,0,5,00a7,53,0d00,5a,57,0,5a,46,300,3600,5
351,00:03:51,0e2c,0,5,00a7,53,0d00,5a,57,0,5a,46,300,3600,5
352,00:03:52,0.00E+00,0,5,00a5,53,0d00,5a,57,0,5a,46,300,3600,5
352,00:03:52,0.00E+00,0,5,00a6,53,0d00,5a,57,0,5a,46,300,3600,5
353,00:03:53,0.00E+00,0,5,00a8,53,0d00,5a,57,0,5a,46,300,3600,5
353,00:03:53,0.00E+00,0,5,00a7,52,0c00,5a,57,0,5a,46,300,3600,5
354,00:03:54,0.00E+00,0,5,00a7,52,0c00,5a,57,0,5a,46,300,3600,5
354,00:03:54,0e1c,0,5,00a6,54,0d00,5a,57,0,5a,46,300,3600,5
355,00:03:55,0.00E+00,0,5,00a6,54,0d00,5a,57,0,5a,46,300,3600,5
355,00:03:55,0.00E+00,0,5,00aa,56,0cd0,5a,57,0,5a,46,324,3662,5
356,00:03:56,0.00E+00,0,5,00a7,56,0cd0,5a,57,0,5a,46,329,367a,5
356,00:03:56,0.00E+00,0,5,00a6,54,0d5c,5a,57,0,5a,46,329,367a,5
357,00:03:57,0.00E+00,0,1,00a8,54,0d5c,5a,57,0,5a,46,329,36a8,5
357,00:03:57,0.00E+00,0,5,00a4,50,0d70,5a,57,0,5a,46,329,36a8,5
358,00:03:58,0.00E+00,0,5,00a6,50,0d70,5a,57,0,5a,46,326,3666,5
358,00:03:58,0.00E+00,0,5,00a6,53,0d34,5a,57,0,5a,46,326,3666,5
359,00:03:59,0e1c,0,5,00a6,53,0d34,5a,57,0,5a,46,330,365b,5
359,00:03:59,0.00E+00,0,5,00a7,53,0d20,5a,57,0,5a,46,330,365b,5
400,00:04:00,0e1c,0,5,00a6,53,0d20,5a,57,0,5a,46,337,3663,5
400,00:04:00,0.00E+00,0,5,00a7,54,0d34,5a,57,0,5a,46,337,3663,5
401,00:04:01,0.00E+00,0,5,00a6,54,0d34,5a,57,0,5a,46,032d,3661,5
401,00:04:01,0.00E+00,0,5,00a7,53,0d20,5a,57,0,5a,46,032d,3661,5
402,00:04:02,0e2c,0,5,00a5,53,0d20,5a,57,0,5a,46,321,3671,5
402,00:04:02,0.00E+00,0,5,00a5,54,0d00,5a,57,0,5a,46,300,3600,5
403,00:04:03,0.00E+00,0,5,00a6,54,0d00,5a,57,0,5a,46,300,3600,5
403,00:04:03,0.00E+00,0,5,00a5,53,0d00,5a,57,0,5a,46,300,3600,5
404,00:04:04,0e1c,0,5,00a6,53,0d00,5a,57,0,5a,46,300,3600,5
404,00:04:04,0.00E+00,0,5,00a6,52,0c00,5a,57,0,5a,46,300,3600,5
405,00:04:05,0e2c,0,5,00a6,52,0c00,5a,57,0,5a,46,300,3600,5
405,00:04:05,0e1c,0,5,00a6,53,0d00,5a,57,0,5a,46,300,3600,5
406,00:04:06,0.00E+00,0,5,00a6,53,0d00,5a,57,0,5a,46,300,3600,5
406,00:04:06,0.00E+00,0,5,00a6,53,0d00,5a,57,0,5a,46,300,3600,5
407,00:04:07,0.00E+00,0,5,00a6,53,0d00,5a,57,0,5a,46,300,3600,5
407,00:04:07,0.00E+00,0,5,00a6,53,0d00,5a,57,0,5a,46,300,3600,5
408,00:04:08,0.00E+00,0,5,00a5,53,0d00,5a,57,0,5a,46,300,3600,5
408,00:04:08,0.00E+00,0,5,00a5,53,0d00,5a,57,0,5a,46,300,3600,5
409,00:04:09,0e2c,0,5,00a6,53,0d00,5a,57,0,5b,46,300,3600,5
409,00:04:09,0.00E+00,0,1,00a5,51,0c94,5a,57,0,5b,46,328,36a1,5
410,00:04:10,0e2c,0,1,00a2,51,0c94,5a,57,0,5b,46,032b,36a2,5
410,00:04:10,0.00E+00,0,1,00a3,51,0c94,5a,57,0,5b,46,032b,36a2,5
411,00:04:11,0.00E+00,0,5,00a2,51,0c94,5a,57,0,5b,46,030b,365f,5
411,00:04:11,0.00E+00,0,5,00a6,54,0d0c,5a,57,0,5b,46,030b,365f,5
412,00:04:12,0.00E+00,0,5,00a5,54,0d0c,5a,57,0,5b,46,032e,3679,5
412,00:04:12,0.00E+00,0,5,00a5,52,0d20,5a,57,0,5b,46,032e,3679,5
413,00:04:13,0.00E+00,0,5,00a5,52,0d20,5a,57,0,5b,46,328,3680,5
413,00:04:13,0.00E+00,0,5,00a5,53,0d34,5a,57,0,5b,46,328,3680,5
414,00:04:14,0e1c,0,5,00a5,53,0d34,5a,57,0,5b,46,032e,367f,5
414,00:04:14,0.00E+00,0,5,00a6,52,0d34,5a,57,0,5b,46,032e,367f,5
415,00:04:15,0.00E+00,0,5,00a5,52,0d34,5a,57,0,5b,46,032d,3655,5
415,00:04:15,0.00E+00,0,5,00a6,52,0c94,5a,57,0,5b,46,032d,3655,5
416,00:04:16,0e2c,0,5,00a6,52,0c94,5a,57,0,5b,46,329,3662,5
416,00:04:16,0.00E+00,0,5,00a5,53,0d00,5a,57,0,5b,46,300,3600,5
417,00:04:17,0.00E+00,0,5,00a6,53,0d00,5a,57,0,5b,46,300,3600,5
417,00:04:17,0e3c,0,5,00a6,52,0c00,5a,57,0,5b,46,300,3600,5
418,00:04:18,0.00E+00,0,5,00a5,52,0c00,5a,57,0,5b,46,300,3600,5
418,00:04:18,0.00E+00,0,5,00a5,53,0d00,5a,57,0,5b,46,300,3600,5
419,00:04:19,0.00E+00,0,5,00a5,53,0d00,5a,57,0,5b,46,300,3600,5
419,00:04:19,0.00E+00,0,5,00a5,52,0d00,5a,57,0,5b,46,300,3600,5
420,00:04:20,0e2c,0,5,00a4,52,0d00,5a,57,0,5b,46,300,3600,5
420,00:04:20,0e0c,0,5,00a5,54,0d00,5a,57,0,5b,46,300,3600,5
421,00:04:21,0e2c,0,5,00a5,54,0d00,5a,57,0,5b,46,300,3600,5
421,00:04:21,0.00E+00,0,5,00a5,52,0c00,5a,57,0,5b,46,300,3600,5
422,00:04:22,0e4c,0,1,00a5,52,0c00,5a,57,0,5b,46,300,3600,5
422,00:04:22,0.00E+00,0,1,00a1,50,0c00,5a,57,0,5b,46,300,3600,5
423,00:04:23,0.00E+00,0,1,00a1,50,0c00,5a,57,0,5b,46,300,3600,5
423,00:04:23,0ddc,0,5,00a2,53,0c94,5a,57,0,5b,46,031c,3655,5
424,00:04:24,0.00E+00,0,5,00a5,53,0c94,5a,57,0,5b,46,324,3671,5
424,00:04:24,0e1c,0,5,00a4,53,0d20,5a,57,0,5b,46,324,3671,5
425,00:04:25,0.00E+00,0,5,00a4,53,0d20,5a,57,0,5b,46,032b,3650,5
425,00:04:25,0e1c,0,5,00a5,52,0d48,5a,57,0,5b,46,032b,3650,5
426,00:04:26,0.00E+00,0,5,00a5,52,0d48,5a,57,0,5b,46,332,3656,5
426,00:04:26,0e2c,0,5,00a5,52,0cbc,5a,57,0,5b,46,332,3656,5
427,00:04:27,0.00E+00,0,5,00a4,52,0cbc,5a,57,0,5b,46,332,3663,5
427,00:04:27,0.00E+00,0,5,00a5,52,0ce4,5a,57,0,5b,46,332,3663,5
428,00:04:28,0.00E+00,0,5,00a4,52,0ce4,5a,57,0,5c,46,032d,3673,5
428,00:04:28,0.00E+00,0,5,00a5,52,0cd0,5a,57,0,5c,46,032d,3673,5
429,00:04:29,0e2c,0,5,00a3,52,0cd0,5a,57,0,5c,46,031f,3666,5
429,00:04:29,0.00E+00,0,5,00a4,51,0ce4,5a,57,0,5c,46,031f,3666,5
430,00:04:30,0.00E+00,0,5,00a5,51,0ce4,5a,57,0,5c,47,328,3666,5
430,00:04:30,0.00E+00,0,5,00a3,51,0c00,5a,57,0,5c,47,300,3600,5
431,00:04:31,0.00E+00,0,5,00a3,51,0c00,5a,57,0,5c,46,300,3600,5
431,00:04:31,0.00E+00,0,5,00a5,52,0c00,5a,57,0,5c,46,300,3600,5
432,00:04:32,0.00E+00,0,5,00a3,52,0c00,5a,57,0,5c,47,300,3600,5
432,00:04:32,0e1c,0,5,00a2,51,0c00,5a,57,0,5c,47,300,3600,5
433,00:04:33,0e1c,0,5,00a4,51,0c00,5a,57,0,5c,47,300,3600,5
433,00:04:33,0.00E+00,0,5,00a4,52,0c00,5a,57,0,5c,47,300,3600,5
434,00:04:34,0.00E+00,0,5,00a4,52,0c00,5a,57,0,5c,47,300,3600,5
434,00:04:34,0e1c,0,5,00a4,52,0c00,5a,57,0,5c,47,300,3600,5
435,00:04:35,0.00E+00,0,5,00a5,52,0c00,5a,57,0,5c,47,300,3600,5
435,00:04:35,0e3c,0,5,00a4,52,0c00,5a,57,0,5c,47,300,3600,5
436,00:04:36,0.00E+00,0,5,00a3,52,0c00,5a,57,0,5c,46,300,3600,5
436,00:04:36,0.00E+00,0,5,00a2,52,0d00,5a,57,0,5c,46,300,3600,5
437,00:04:37,0.00E+00,0,5,00a3,52,0d00,5a,57,0,5c,46,300,3600,5
437,00:04:37,0e1c,0,5,00a2,51,0c44,5a,57,0,5c,46,337,3648,5
438,00:04:38,0.00E+00,0,5,00a3,51,0c44,5a,57,0,5c,47,333,3671,5
438,00:04:38,0.00E+00,0,5,00a2,51,0d48,5a,57,0,5c,47,333,3671,5
439,00:04:39,0.00E+00,0,5,00a2,51,0d48,5a,57,0,5c,47,321,3676,5
439,00:04:39,0.00E+00,0,5,00a2,51,0ce4,5a,57,0,5c,47,321,3676,5
440,00:04:40,0e1c,0,5,00a1,51,0ce4,5a,57,0,5c,46,313,3670,5
440,00:04:40,0.00E+00,0,5,00a2,51,0d48,5a,57,0,5c,46,313,3670,5
441,00:04:41,0e2c,0,5,00a3,51,0d48,5a,57,0,5c,47,031a,366d,5
441,00:04:41,0e1c,0,5,00a1,51,0d0c,5a,57,0,5c,47,031a,366d,5
442,00:04:42,0.00E+00,0,5,00a1,51,0d0c,5a,57,0,5c,47,335,364e,5
442,00:04:42,0.00E+00,0,5,00a4,52,0ce4,5a,57,0,5c,47,335,364e,5
443,00:04:43,0.00E+00,0,5,00a2,52,0ce4,5a,57,0,5c,46,032b,3653,5
443,00:04:43,0.00E+00,0,5,00a3,52,0cbc,5a,57,0,5c,46,032b,3653,5
444,00:04:44,0.00E+00,0,5,00a1,52,0cbc,5a,57,0,5c,47,332,3669,5
444,00:04:44,0e2c,0,5,00a1,51,0c00,5a,57,0,5c,47,300,3600,5
445,00:04:45,0e1c,0,5,00a2,51,0c00,5a,57,0,5c,47,300,3600,5
445,00:04:45,0.00E+00,0,5,00a2,51,0c00,5a,57,0,5c,47,300,3600,5
446,00:04:46,0.00E+00,0,5,00a2,51,0c00,5a,57,0,5c,46,300,3600,5
446,00:04:46,0.00E+00,0,5,00a2,51,0c00,5a,57,0,5c,46,300,3600,5
447,00:04:47,0.00E+00,0,5,00a1,51,0c00,5a,57,0,5c,47,300,3600,5
447,00:04:47,0.00E+00,0,5,00a2,51,0d00,5a,57,0,5c,47,300,3600,5
448,00:04:48,0e1c,0,5,00a3,51,0d00,5a,57,0,5c,47,300,3600,5
448,00:04:48,0.00E+00,0,5,00a2,51,0c00,5a,57,0,5c,47,300,3600,5
449,00:04:49,0.00E+00,0,5,00a3,51,0c00,5a,57,0,5c,46,300,3600,5
449,00:04:49,0.00E+00,0,5,00a2,52,0d00,5b,57,0,5c,46,300,3600,5
450,00:04:50,0.00E+00,0,5,00a2,52,0d00,5b,57,0,5d,46,300,3600,5
450,00:04:50,0e1c,0,5,00a1,51,0c00,5a,57,0,5d,46,300,3600,5
451,00:04:51,0.00E+00,0,5,00a2,51,0c00,5a,57,0,5d,47,300,3600,5
451,00:04:51,0.00E+00,0,5,00a1,50,0d34,5a,57,0,5d,47,326,365d,5
452,00:04:52,0.00E+00,0,5,00a2,50,0d34,5a,57,0,5d,47,315,367a,5
452,00:04:52,0.00E+00,0,5,00a1,50,0d0c,5a,57,0,5d,47,315,367a,5
453,00:04:53,0.00E+00,0,5,00a1,50,0d0c,5a,57,0,5d,47,031f,3666,5
453,00:04:53,0.00E+00,0,5,00a1,51,0cf8,5a,57,0,5d,47,031f,3666,5
454,00:04:54,0.00E+00,0,5,00a1,51,0cf8,5a,57,0,5d,47,337,366c,5
454,00:04:54,0.00E+00,0,5,00a1,50,0ce4,5a,57,0,5d,47,337,366c,5
455,00:04:55,0.00E+00,0,5,00a2,50,0ce4,5a,57,0,5d,47,326,3656,5
455,00:04:55,0e2c,0,5,00a0,50,0cd0,5a,57,0,5d,47,326,3656,5
456,00:04:56,0e1c,0,5,00a1,50,0cd0,5a,57,0,5d,47,324,3674,5
456,00:04:56,0.00E+00,0,5,00a1,50,0cd0,5a,57,0,5d,47,324,3674,5
457,00:04:57,0.00E+00,0,5,00a2,50,0cd0,5a,57,0,5d,47,313,3661,5
457,00:04:57,0.00E+00,0,5,00a2,51,0ce4,5a,57,0,5d,47,313,3661,5
458,00:04:58,0e2c,0,5,00a2,51,0ce4,5a,57,0,5d,47,316,3672,5
458,00:04:58,0.00E+00,0,5,00a2,51,0c00,5a,57,0,5d,47,300,3600,5
459,00:04:59,0e1c,0,5,00a3,51,0c00,5a,57,0,5d,47,300,3600,5
459,00:04:59,0.00E+00,0,5,00a2,51,0c00,5b,57,0,5d,47,300,3600,5
500,00:05:00,0.00E+00,0,5,00a1,51,0c00,5b,57,0,5d,47,300,3600,5
500,00:05:00,0.00E+00,0,5,00a2,51,0d00,5a,57,0,5d,47,300,3600,5
501,00:05:01,0.00E+00,0,5,00a3,51,0d00,5a,57,0,5d,47,300,3600,5
501,00:05:01,0e2c,0,5,00a3,51,0c00,5a,57,0,5d,47,300,3600,5
502,00:05:02,0.00E+00,0,5,00a1,51,0c00,5a,57,0,5d,47,300,3600,5
502,00:05:02,0e2c,0,5,00a1,50,0d00,5a,57,0,5d,47,300,3600,5
503,00:05:03,0e1c,0,5,00a1,50,0d00,5a,57,0,5d,47,300,3600,5
503,00:05:03,0.00E+00,0,5,00a2,51,0c00,5a,57,0,5d,47,300,3600,5
504,00:05:04,0.00E+00,0,5,00a1,51,0c00,5a,57,0,5d,47,300,3600,5
504,00:05:04,0.00E+00,0,5,00a0,50,0d00,5b,57,0,5d,47,300,3600,5
505,00:05:05,0.00E+00,0,5,00a1,50,0d00,5b,57,0,5d,47,300,3600,5
505,00:05:05,0e1c,0,5,00a1,51,0d0c,5b,57,0,5d,47,324,3659,5
506,00:05:06,0.00E+00,0,5,00a2,51,0d0c,5b,57,0,5d,47,318,3678,5
506,00:05:06,0e2c,0,5,00a1,50,0ce4,5a,57,0,5d,47,318,3678,5
507,00:05:07,0.00E+00,0,5,00a1,50,0ce4,5a,57,0,5d,47,333,366f,5
507,00:05:07,0.00E+00,0,5,00a1,50,0cd0,5a,57,0,5d,47,333,366f,5
508,00:05:08,0.00E+00,0,5,00a1,50,0cd0,5a,57,0,5d,47,033a,3663,5
508,00:05:08,0.00E+00,0,5,00a1,50,0cd0,5a,57,0,5d,47,033a,3663,5
509,00:05:09,0.00E+00,0,5,00a1,50,0cd0,5a,57,0,5d,47,328,364b,5
509,00:05:09,0.00E+00,0,5,00a0,50,0cd0,5a,57,0,5d,47,328,364b,5
510,00:05:10,0.00E+00,0,5,00a1,50,0cd0,5a,57,0,5d,47,321,3665,5
510,00:05:10,0.00E+00,0,5,00a0,50,0cd0,5b,57,0,5d,47,321,3665,5
511,00:05:11,0e1c,0,5,00a1,50,0cd0,5b,57,0,5e,47,324,3652,5
511,00:05:11,0.00E+00,0,5,00a0,50,0d20,5b,57,0,5e,47,324,3652,5
512,00:05:12,0.00E+00,0,5,00a1,50,0d20,5b,57,0,5e,47,324,3673,5
512,00:05:12,0e2c,0,5,00a1,50,0c00,5b,57,0,5e,47,300,3600,5
513,00:05:13,0.00E+00,0,5,00a1,50,0c00,5b,57,0,5e,47,300,3600,5
513,00:05:13,0.00E+00,0,5,00a0,50,0d00,5a,57,0,5e,47,300,3600,5
514,00:05:14,0.00E+00,0,5,00a0,50,0d00,5a,57,0,5e,47,300,3600,5
514,00:05:14,0.00E+00,0,5,009f,50,0c00,5a,57,0,5e,47,300,3600,5
515,00:05:15,0.00E+00,0,5,009f,50,0c00,5a,57,0,5e,47,300,3600,5
515,00:05:15,0.00E+00,0,5,00a0,50,0d00,5a,57,0,5e,47,300,3600,5
516,00:05:16,0.00E+00,0,5,009f,50,0d00,5a,57,0,5e,47,300,3600,5
516,00:05:16,0.00E+00,0,5,009f,4f,0c00,5b,57,0,5e,47,300,3600,5
517,00:05:17,0.00E+00,0,5,009f,4f,0c00,5b,57,0,5e,47,300,3600,5
517,00:05:17,0.00E+00,0,5,009f,50,0d00,5a,57,0,5e,47,300,3600,5
518,00:05:18,0.00E+00,0,5,009f,50,0d00,5a,57,0,5e,47,300,3600,5
518,00:05:18,0.00E+00,0,5,009f,4f,0c00,5a,57,0,5e,47,300,3600,5
519,00:05:19,0e0c,0,5,00a1,4f,0c00,5a,57,0,5e,47,300,3600,5
519,00:05:19,0.00E+00,0,5,00a0,50,0cf8,5a,57,0,5e,47,031d,366f,5
520,00:05:20,0.00E+00,0,5,009f,50,0cf8,5a,57,0,5e,47,033f,36f2,5
520,00:05:20,0e0c,0,5,97,4d,0c58,5a,57,0,5e,47,033f,36f2,5
521,00:05:21,0.00E+00,0,5,99,4d,0c58,5a,57,0,5e,47,330,370a,5
521,00:05:21,0e2c,0,5,96,4c,0c44,5a,57,0,5e,47,330,370a,5
522,00:05:22,0.00E+00,0,5,98,4c,0c44,5a,57,0,5e,47,332,36d6,5
522,00:05:22,0.00E+00,0,5,98,4d,0cbc,5a,57,0,5e,47,332,36d6,5
523,00:05:23,0.00E+00,0,5,97,4d,0cbc,5a,57,0,5e,47,031d,36ce,5
523,00:05:23,0.00E+00,0,5,97,4c,0cbc,5a,57,0,5e,47,031d,36ce,5
524,00:05:24,0.00E+00,0,5,97,4c,0cbc,5a,57,0,5e,47,321,36eb,5
524,00:05:24,0e1c,0,5,98,4d,0d0c,5a,57,0,5e,47,321,36eb,5
525,00:05:25,0.00E+00,0,5,009a,4d,0d0c,5a,57,0,5e,47,328,36f1,5
525,00:05:25,0e1c,0,5,98,4d,0c58,5a,57,0,5e,47,328,36f1,5
526,00:05:26,0.00E+00,0,5,99,4d,0c58,5a,57,0,5e,47,031c,3700,5
526,00:05:26,0e1c,0,5,97,4c,0d00,5a,57,0,5e,47,300,3700,5
527,00:05:27,0e1c,0,5,99,4c,0d00,5a,57,0,5e,47,300,3600,5
527,00:05:27,0.00E+00,0,5,99,4d,0c00,5a,57,0,5e,47,300,3600,5
528,00:05:28,0.00E+00,0,5,009a,4d,0c00,5a,57,0,5e,47,300,3600,5
528,00:05:28,0.00E+00,0,5,99,4c,0d00,5b,57,0,5e,47,300,3600,5
529,00:05:29,0.00E+00,0,5,98,4c,0d00,5b,57,0,5e,47,300,3600,5
529,00:05:29,0.00E+00,0,5,99,4d,0c00,5b,57,0,5e,47,300,3600,5
530,00:05:30,0.00E+00,0,5,98,4d,0c00,5b,57,0,5e,47,300,3600,5
530,00:05:30,0e1c,0,5,98,4d,0c00,5b,57,0,5e,47,300,3600,5
531,00:05:31,0e1c,0,5,99,4d,0c00,5b,57,0,5e,47,300,3600,5
531,00:05:31,0e1c,0,5,99,4d,0c00,5b,57,0,5e,47,300,3600,5
532,00:05:32,0e2c,0,5,99,4d,0c00,5b,57,0,5e,47,300,3600,5
532,00:05:32,0.00E+00,0,5,99,4d,0c00,5a,57,0,5e,47,300,3600,5
533,00:05:33,0e1c,0,5,009a,4d,0c00,5a,57,0,5e,47,300,3600,5
533,00:05:33,0e2c,0,5,009a,4d,0c94,5a,57,0,5e,47,333,36fc,5
534,00:05:34,0.00E+00,0,5,99,4d,0c94,5a,57,0,5e,47,031a,36e5,5
534,00:05:34,0e1c,0,5,99,4e,0cbc,5a,57,0,5e,47,031a,36e5,5
535,00:05:35,0.00E+00,0,5,009a,4e,0cbc,5a,57,0,5e,47,309,36d9,5
535,00:05:35,0.00E+00,0,5,009a,4e,0ce4,5b,57,0,5e,47,309,36d9,5
536,00:05:36,0e1c,0,5,009a,4e,0ce4,5b,57,0,5f,47,309,36e4,5
536,00:05:36,0.00E+00,0,5,009a,4e,0ca8,5b,57,0,5f,47,309,36e4,5
537,00:05:37,0e1c,0,5,009a,4e,0ca8,5b,57,0,5f,47,031f,3592,5
537,00:05:37,0e4c,0,5,00a2,50,0d0c,5b,57,0,5f,47,031f,3592,5
538,00:05:38,0de8,0,5,00a5,50,0d0c,5b,57,0,5f,47,307,3551,5
538,00:05:38,0df8,0,5,00ac,57,0c58,5b,57,0,5f,47,307,3551,5
539,00:05:39,0.00E+00,0,5,00a6,57,0c58,5b,57,0,5f,47,033f,3647,5
539,00:05:39,0.00E+00,0,5,00a5,52,0d48,5b,57,0,5f,47,033f,3647,5
540,00:05:40,0.00E+00,0,5,00a5,52,0d48,5b,57,0,5f,47,322,3640,5
540,00:05:40,0e3c,0,5,00a4,51,0c00,5b,57,0,5f,47,300,3600,5
541,00:05:41,0.00E+00,0,5,00a2,51,0c00,5b,57,0,5f,47,300,3600,5
541,00:05:41,0.00E+00,0,5,00a2,52,0d00,5b,57,0,5f,47,300,3600,5
542,00:05:42,0.00E+00,0,5,00a2,52,0d00,5b,57,0,5f,47,300,3600,5
542,00:05:42,0e1c,0,5,00a1,51,0c00,5b,57,0,5f,47,300,3600,5
543,00:05:43,0.00E+00,0,5,00a1,51,0c00,5b,57,0,5f,47,300,3600,5
543,00:05:43,0e2c,0,5,00a1,50,0d00,5b,57,0,5f,47,300,3600,5
544,00:05:44,0.00E+00,0,5,00a2,50,0d00,5b,57,0,5f,47,300,3600,5
544,00:05:44,0.00E+00,0,5,00a2,51,0d00,5b,57,0,5f,47,300,3600,5
545,00:05:45,0.00E+00,0,5,00a0,51,0d00,5b,57,0,5f,47,300,3600,5
545,00:05:45,0.00E+00,0,5,00a1,51,0d00,5b,57,0,5f,47,300,3600,5
546,00:05:46,0.00E+00,0,5,00a1,51,0d00,5b,57,0,5f,47,300,3600,5
546,00:05:46,0.00E+00,0,5,00a1,51,0c00,5b,57,0,5f,47,300,3600,5
547,00:05:47,0.00E+00,0,5,00a0,51,0c00,5b,57,0,5f,47,300,3600,5
547,00:05:47,0e2c,0,5,00a0,50,0ce4,5b,57,0,5f,47,328,3656,5
548,00:05:48,0e1c,0,5,009f,50,0ce4,5b,57,0,5f,47,321,3656,5
548,00:05:48,0.00E+00,0,5,00a2,51,0cbc,5b,57,0,5f,47,321,3656,5
549,00:05:49,0.00E+00,0,5,009f,51,0cbc,5b,57,0,5f,47,031d,3661,5
549,00:05:49,0.00E+00,0,5,009f,51,0c94,5b,57,0,5f,47,031d,3661,5
550,00:05:50,0.00E+00,0,5,009e,51,0c94,5b,57,0,5f,47,335,366f,5
550,00:05:50,0.00E+00,0,5,009d,4f,0d48,5b,57,0,5f,47,335,366f,5
551,00:05:51,0.00E+00,0,5,009c,4f,0d48,5b,57,0,5f,47,330,3672,5
551,00:05:51,0e2c,0,5,009d,4e,0c94,5b,57,0,5f,47,330,3672,5
552,00:05:52,0e1c,0,5,009c,4e,0c94,5b,57,0,5f,47,337,364a,5
552,00:05:52,0e1c,0,5,009c,4f,0d48,5b,57,0,5f,47,337,364a,5
553,00:05:53,0e0c,0,5,009c,4f,0d48,5b,57,0,5f,47,031c,364b,5
553,00:05:53,0.00E+00,0,5,009d,4f,0c80,5b,57,0,5f,47,031c,364b,5
554,00:05:54,0.00E+00,0,5,009c,4f,0c80,5b,57,0,5f,47,324,365f,5
554,00:05:54,0e2c,0,5,009c,4e,0d00,5b,57,0,5f,47,300,3600,5
555,00:05:55,0.00E+00,0,5,009c,4e,0d00,5b,57,0,5f,47,300,3600,5
555,00:05:55,0.00E+00,0,5,009c,4e,0d00,5b,57,0,5f,47,300,3600,5
556,00:05:56,0.00E+00,0,5,009d,4e,0d00,5b,57,0,5f,47,300,3600,5
556,00:05:56,0.00E+00,0,5,009c,4e,0d00,5b,57,0,5f,47,300,3600,5
557,00:05:57,0e2c,0,5,009c,4e,0d00,5b,57,0,5f,47,300,3600,5
557,00:05:57,0.00E+00,0,5,009c,4e,0c00,5b,57,0,5f,47,300,3600,5
558,00:05:58,0e1c,0,5,009b,4e,0c00,5b,57,0,5f,47,300,3600,5
558,00:05:58,0e0c,0,5,009b,50,0c00,5b,57,0,5f,47,300,3600,5
559,00:05:59,0.00E+00,0,5,009d,50,0c00,5b,57,0,5f,47,300,3600,5
559,00:05:59,0.00E+00,0,5,009c,4e,0c00,5b,57,0,5f,47,300,3600,5
600,00:06:00,0.00E+00,0,5,009e,4e,0c00,5b,57,0,5f,47,300,3600,5
600,00:06:00,0.00E+00,0,5,009d,4f,0c00,5b,57,0,5f,47,300,3600,5
601,00:06:01,0e0c,0,5,009c,4f,0c00,5b,57,0,5f,47,300,3600,5
601,00:06:01,0.00E+00,0,5,009d,4f,0ce4,5b,57,0,5f,47,329,3658,5
602,00:06:02,0e2c,0,5,009d,4f,0ce4,5b,57,0,60,47,324,365d,5
602,00:06:02,0e1c,0,5,009c,4f,0cbc,5b,57,0,60,47,324,365d,5
603,00:06:03,0e1c,0,5,009d,4f,0cbc,5b,57,0,60,47,329,3667,5
603,00:06:03,0.00E+00,0,5,009c,4f,0ce4,5b,57,0,60,47,329,3667,5
604,00:06:04,0e1c,0,5,009d,4f,0ce4,5b,57,0,60,47,313,366e,5
604,00:06:04,0.00E+00,0,5,009d,4f,0c58,5b,57,0,60,47,313,366e,5
605,00:06:05,0.00E+00,0,5,009c,4f,0c58,5b,57,0,60,47,033c,3664,5
605,00:06:05,0e1c,0,5,009d,4f,0d34,5b,57,0,60,47,033c,3664,5
606,00:06:06,0.00E+00,0,5,009d,4f,0d34,5b,57,0,60,47,326,3652,5
606,00:06:06,0.00E+00,0,5,009d,4f,0c58,5b,57,0,60,47,326,3652,5
607,00:06:07,0.00E+00,0,5,009d,4f,0c58,5b,57,0,60,47,326,365d,5
607,00:06:07,0e2c,0,5,009c,4e,0d0c,5b,57,0,60,47,326,365d,5
608,00:06:08,0e1c,0,5,009c,4e,0d0c,5b,57,0,60,47,328,365e,5
608,00:06:08,0.00E+00,0,5,009c,4e,0c00,5b,57,0,60,47,300,3600,5
609,00:06:09,0.00E+00,0,5,009d,4e,0c00,5b,57,0,60,47,300,3600,5
609,00:06:09,0.00E+00,0,5,009c,4f,0d00,5b,57,0,60,47,300,3600,5
610,00:06:10,0.00E+00,0,5,009c,4f,0d00,5b,57,0,60,47,300,3600,5
610,00:06:10,0.00E+00,0,5,009d,4f,0c00,5b,57,0,60,47,300,3600,5
611,00:06:11,0e1c,0,5,009c,4f,0c00,5b,57,0,60,47,300,3600,5
611,00:06:11,0.00E+00,0,5,009d,4e,0d00,5b,57,0,60,47,300,3600,5
612,00:06:12,0.00E+00,0,5,009d,4e,0d00,5b,57,0,60,47,300,3600,5
612,00:06:12,0e1c,0,5,009b,4f,0c00,5b,57,0,60,47,300,3600,5
613,00:06:13,0.00E+00,0,5,009d,4f,0c00,5b,57,0,60,47,300,3600,5
613,00:06:13,0e0c,0,5,009d,50,0c00,5b,57,0,60,47,300,3600,5
614,00:06:14,0.00E+00,0,5,00a4,50,0c00,5b,57,0,60,47,300,3600,5
614,00:06:14,0.00E+00,0,1,009f,4f,0c00,5b,57,0,60,47,300,3600,5
615,00:06:15,0.00E+00,0,5,009a,4f,0c00,5b,57,0,60,47,300,3600,5
615,00:06:15,0.00E+00,0,5,00a3,52,0cbc,5b,57,0,60,47,318,3620,5
616,00:06:16,0.00E+00,0,1,009c,52,0cbc,5b,57,0,60,47,032d,3676,5
616,00:06:16,0.00E+00,0,5,009b,4f,0ce4,5b,57,0,60,47,032d,3676,5
617,00:06:17,0d70,0,5,00af,4f,0ce4,5b,57,0,60,47,315,365b,5
617,00:06:17,0de4,0,5,00bc,60,0d5c,5b,57,0,60,47,315,365b,5
618,00:06:18,0ef0,0,5,00df,60,0d5c,5b,57,0,60,47,362,36f9,5
618,00:06:18,0f60,0,5,00ac,4b,0.00E+00,5b,57,1,60,47,362,36f9,5
619,00:06:19,0e8c,0,5,95,4b,0.00E+00,5b,57,1,60,47,329,36c4,5
619,00:06:19,0.00E+00,0,5,99,4d,0d48,5b,57,1,60,47,329,36c4,5
620,00:06:20,0.00E+00,0,5,96,4d,0d48,5b,57,1,60,47,321,36c5,5
620,00:06:20,0.00E+00,0,5,96,4d,0c58,5b,57,0,60,47,321,36c5,5
621,00:06:21,0.00E+00,0,5,99,4d,0c58,5b,57,0,60,47,324,36be,5
621,00:06:21,0.00E+00,0,5,97,4c,0d0c,5b,57,0,60,47,324,36be,5
622,00:06:22,0.00E+00,0,5,98,4c,0d0c,5b,57,0,60,47,324,36e0,5
622,00:06:22,0.00E+00,0,5,99,4d,0c00,5b,57,0,60,47,300,3600,5
623,00:06:23,0.00E+00,0,5,97,4d,0c00,5b,57,0,60,47,300,3600,5
623,00:06:23,0e2c,0,5,98,4c,0c00,5b,57,0,60,47,300,3600,5
624,00:06:24,0.00E+00,0,5,99,4c,0c00,5b,57,0,60,47,300,3600,5
624,00:06:24,0de8,0,5,009a,4f,0c00,5b,57,0,60,47,300,3600,5
625,00:06:25,0.00E+00,0,5,009f,4f,0c00,5b,57,0,60,47,300,3600,5
625,00:06:25,0ddc,0,5,009e,52,0d00,5b,57,0,60,47,300,3600,5
626,00:06:26,0dd8,0,5,00a8,52,0d00,5b,57,0,60,47,300,3300,5
626,00:06:26,0.00E+00,0,5,00c6,5d,0d00,5b,57,0,60,47,300,3300,5
627,00:06:27,0da4,0,5,00cb,5d,0d00,5b,57,0,61,47,300,3200,5
627,00:06:27,0df8,0,5,00d0,67,0d00,5b,57,1,61,47,300,3200,5
628,00:06:28,0.00E+00,0,5,0.00E+00,67,0d00,5b,57,1,61,47,300,3600,5
628,00:06:28,0f44,0,5,00c3,53,0.00E+00,5b,57,1,61,47,300,3600,5
629,00:06:29,0.00E+00,0,5,00b3,53,0.00E+00,5b,57,1,61,47,300,3600,5
629,00:06:29,0.00E+00,0,5,00ae,53,0d70,5b,57,0,61,47,321,368e,5
630,00:06:30,0.00E+00,0,5,00ab,53,0d70,5b,57,0,61,47,032d,369a,5
630,00:06:30,0.00E+00,0,5,00ac,56,0d98,5b,57,0,61,47,032d,369a,5
631,00:06:31,0.00E+00,0,5,00a9,56,0d98,5b,57,0,61,47,318,36b8,5
631,00:06:31,0.00E+00,0,5,00aa,55,0d20,5b,57,0,61,47,318,36b8,5
632,00:06:32,0.00E+00,0,5,00a8,55,0d20,5b,57,0,61,47,318,36d0,5
632,00:06:32,0.00E+00,0,5,00a9,54,0dc0,5b,57,0,61,47,318,36d0,5
633,00:06:33,0.00E+00,0,5,00a9,54,0dc0,5b,57,0,61,47,030e,36ca,5
633,00:06:33,0.00E+00,0,5,00ab,54,0d70,5b,57,0,61,47,030e,36ca,5
634,00:06:34,0.00E+00,0,5,00a9,54,0d70,5b,57,0,61,47,324,36cc,5
634,00:06:34,0.00E+00,0,5,00a8,55,0d5c,5b,57,0,61,47,324,36cc,5
635,00:06:35,0.00E+00,0,5,00aa,55,0d5c,5b,57,0,61,47,032b,36a2,5
635,00:06:35,0.00E+00,0,5,00aa,54,0d34,5b,57,0,61,47,032b,36a2,5
636,00:06:36,0e0c,0,5,00b4,54,0d34,5b,57,0,61,47,031d,346f,5
636,00:06:36,0.00E+00,0,5,00b7,5c,0c00,5b,57,0,61,47,300,3400,5
637,00:06:37,0.00E+00,0,5,00b9,5c,0c00,5b,57,0,61,47,300,3500,5
637,00:06:37,0.00E+00,0,5,00b3,57,0d00,5b,57,0,61,47,300,3500,5
638,00:06:38,0.00E+00,0,5,00b3,57,0d00,5b,57,0,61,47,300,3500,5
638,00:06:38,0.00E+00,0,5,00b2,58,0c00,5b,57,0,61,47,300,3500,5
639,00:06:39,0e2c,0,5,00b1,58,0c00,5b,57,0,61,47,300,3500,5
639,00:06:39,0.00E+00,0,5,00b1,59,0d00,5b,57,0,61,47,300,3500,5
640,00:06:40,0.00E+00,0,5,00b2,59,0d00,5b,57,0,61,47,300,3600,5
640,00:06:40,0.00E+00,0,5,00b1,57,0c00,5b,57,0,61,47,300,3600,5
641,00:06:41,0.00E+00,0,5,00b1,57,0c00,5b,57,0,61,47,300,3500,5
641,00:06:41,0e1c,0,5,00b0,57,0d00,5b,57,0,61,47,300,3500,5
642,00:06:42,0.00E+00,0,5,00b0,57,0d00,5b,57,0,61,47,300,3500,5
642,00:06:42,0.00E+00,0,5,00b0,57,0c00,5b,57,0,61,47,300,3500,5
643,00:06:43,0.00E+00,0,5,00ad,57,0c00,5b,57,0,61,47,300,3500,5
643,00:06:43,0.00E+00,0,5,00b0,58,0d34,5b,57,0,61,47,309,35ec,5
644,00:06:44,0.00E+00,0,5,00b0,58,0d34,5b,57,0,61,47,031d,35fb,5
644,00:06:44,0.00E+00,0,5,00ae,56,0d5c,5b,57,0,61,47,031d,35fb,5
645,00:06:45,0.00E+00,0,5,00ae,56,0d5c,5b,57,0,61,47,318,3602,5
645,00:06:45,0e1c,0,5,00ac,56,0d5c,5b,57,0,61,47,318,3602,5
646,00:06:46,0.00E+00,0,5,00ad,56,0d5c,5b,57,0,61,47,031d,35da,5
646,00:06:46,0.00E+00,0,5,00ad,56,0d20,5b,57,0,61,47,031d,35da,5
647,00:06:47,0e1c,0,5,00ad,56,0d20,5b,57,0,61,47,326,36e5,5
647,00:06:47,0.00E+00,0,1,00ad,57,0cd0,5b,57,0,61,47,326,36e5,5
648,00:06:48,0d94,0,1,00be,57,0cd0,5b,57,0,61,47,02f8,3613,5
648,00:06:48,0da8,0,1,00d3,71,0d20,5b,57,2,61,47,02f8,3613,5
649,00:06:49,0df8,0,1,0.00E+00,71,0d20,5b,57,2,62,47,031c,36e2,5
649,00:06:49,0.00E+00,0,1,0.00E+00,6d,0.00E+00,5b,57,4,62,47,031c,36e2,5
650,00:06:50,0ed0,0,5,00d7,6d,0.00E+00,5b,57,4,62,47,357,35cb,5
650,00:06:50,0.00E+00,0,5,00c2,5a,0d00,5b,57,4,62,47,300,3500,5
651,00:06:51,0.00E+00,0,5,00c1,5a,0d00,5b,57,4,62,48,300,3500,5
651,00:06:51,0.00E+00,0,5,00c0,5b,0d00,5b,57,3,62,48,300,3500,5
652,00:06:52,0.00E+00,0,5,00ba,5b,0d00,5b,57,3,62,47,300,3500,5
652,00:06:52,0e9c,0,5,00b7,55,0d00,5b,57,2,62,47,300,3500,5
653,00:06:53,0f04,0,1,009f,55,0d00,5b,57,2,62,48,300,3500,5
653,00:06:53,0e1c,0,1,99,4d,0d00,5b,57,1,62,48,300,3500,5
654,00:06:54,0dc4,0,5,00a4,4d,0d00,5b,57,1,62,47,300,3400,5
654,00:06:54,0dfc,0,5,00a6,54,0c00,5b,57,0,62,47,300,3400,5
655,00:06:55,0.00E+00,0,1,00a5,54,0c00,5b,57,0,62,47,300,3400,5
655,00:06:55,0.00E+00,0,5,00b9,5c,0d00,5b,57,1,62,47,300,3400,5
656,00:06:56,0dc8,0,1,00b3,5c,0d00,5b,57,1,62,47,200,3400,5
656,00:06:56,0ed8,0,5,0.00E+00,68,0d00,5b,57,1,62,47,200,3400,5
657,00:06:57,0.00E+00,0,5,00cd,68,0d00,5b,57,1,62,47,200,3400,5
657,00:06:57,0e6c,0,5,00ff,74,0f64,5b,57,2,62,47,02f3,341f,5
658,00:06:58,0fe0,0,5,00c1,74,0f64,5b,57,2,62,48,039a,3659,5
658,00:06:58,0f40,0,1,009e,46,0dc0,5b,57,1,62,48,039a,3659,5
659,00:06:59,0e7c,0,1,93,46,0dc0,5b,57,1,62,48,330,35f6,5
659,00:06:59,0dc8,0,5,009a,4f,0d0c,5b,57,1,62,48,330,35f6,5
700,00:07:00,0df4,0,5,009d,4f,0d0c,5b,57,1,62,47,309,341f,5
700,00:07:00,0db0,0,1,00a8,57,0b7c,5b,57,0,62,47,309,341f,5
701,00:07:01,0dac,0,1,00de,57,0b7c,5b,57,0,62,47,02fd,337e,5
701,00:07:01,1114,10,2,01df,a4,0fa0,5b,57,0,62,47,02fd,337e,5
702,00:07:02,1448,11,2,01bf,a4,0fa0,5b,57,0,62,47,04b2,36c3,5
702,00:07:02,1094,0,1,00de,56,1068,5d,57,2,62,47,04b2,36c3,5
703,00:07:03,0fdc,0,1,00ba,56,1068,5d,57,2,62,49,357,366f,5
703,00:07:03,0d68,0,1,00c3,69,0dfc,5c,57,2,62,49,357,366f,5
704,00:07:04,0e5c,0,1,00de,69,0dfc,5c,57,2,62,48,031d,36c5,5
704,00:07:04,0.00E+00,0,5,00d7,68,0.00E+00,5b,57,2,62,48,300,3600,5
705,00:07:05,0.00E+00,0,5,00d5,68,0.00E+00,5b,57,2,62,47,300,3600,5
705,00:07:05,0eec,0,1,00c6,5a,0.00E+00,5b,57,2,62,47,300,3600,5
706,00:07:06,0.00E+00,0,1,00b6,5a,0.00E+00,5b,57,2,62,47,300,3600,5
706,00:07:06,0de0,0,1,00c3,63,0d00,5b,57,2,62,47,300,3600,5
707,00:07:07,0.00E+00,3,2,00c2,63,0d00,5b,57,2,62,47,300,3600,5
707,00:07:07,12e0,5,2,138,5a,1100,5b,57,1,62,47,300,3600,5
708,00:07:08,0db8,0,1,00bb,5a,1100,5b,57,1,63,48,300,3600,5
708,00:07:08,1070,0,5,00ca,4a,0.00E+00,5b,57,0,63,48,300,3600,5
709,00:07:09,0f30,0,5,90,4a,0.00E+00,5b,57,0,63,48,300,3600,5
709,00:07:09,0.00E+00,0,5,92,49,0c00,5b,57,0,63,48,300,3600,5
710,00:07:10,0.00E+00,0,5,92,49,0c00,5b,57,0,63,47,300,3600,5
710,00:07:10,0.00E+00,0,5,93,4b,0c00,5b,57,0,63,47,300,3600,5
711,00:07:11,0.00E+00,0,5,94,4b,0c00,5b,57,0,63,47,300,3600,5
711,00:07:11,0.00E+00,0,5,93,4a,0ca8,5b,57,0,63,47,315,36e4,5
712,00:07:12,0.00E+00,0,5,92,4a,0ca8,5b,57,0,63,47,032b,36bb,5
712,00:07:12,0.00E+00,0,5,94,4b,0c94,5b,57,0,63,47,032b,36bb,5
713,00:07:13,0.00E+00,0,5,94,4b,0c94,5b,57,0,63,47,031d,36c6,5
713,00:07:13,0.00E+00,0,5,95,4a,0c80,5b,57,0,63,47,031d,36c6,5
714,00:07:14,0.00E+00,0,5,93,4a,0c80,5b,57,0,63,47,031f,36c9,5
714,00:07:14,0e1c,0,5,94,4b,0ce4,5b,57,0,63,47,031f,36c9,5
715,00:07:15,0.00E+00,0,5,94,4b,0ce4,5b,57,0,63,48,326,36c3,5
715,00:07:15,0.00E+00,0,5,96,4c,0c1c,5b,57,0,63,48,326,36c3,5
716,00:07:16,0.00E+00,0,5,96,4c,0c1c,5b,57,0,63,48,326,36e0,5
716,00:07:16,0.00E+00,0,5,95,4c,0ca8,5b,57,0,63,48,326,36e0,5
717,00:07:17,0.00E+00,0,5,96,4c,0ca8,5b,57,0,63,48,315,36da,5
717,00:07:17,0dc8,0,1,98,50,0c6c,5b,57,0,63,48,315,36da,5
718,00:07:18,1074,0,1,00ba,50,0c6c,5b,57,0,63,47,039a,3711,34
718,00:07:18,166c,40,2,205,8c,1100,5c,57,0,63,47,300,3700,34
719,00:07:19,1ba4,3e,2,330,8c,1100,5c,57,0,63,48,700,3500,36
719,00:07:19,1b98,2e,2,02d8,74,1c00,6b,57,3,63,48,700,3500,36
720,00:07:20,1848,0f,2,01dc,74,1c00,6b,57,3,63,4b,500,3600,50
720,00:07:20,13b4,24,2,285,b0,1900,67,57,7,63,4b,500,3600,50
721,00:07:21,149c,29,2,029f,b0,1900,67,57,7,63,49,500,3600,4b
721,00:07:21,15a0,38,2,236,8c,1c00,65,57,0a,63,49,500,3600,4b
722,00:07:22,1878,48,2,029c,8c,1c00,65,57,0a,63,49,600,3600,49
722,00:07:22,1b50,47,2,326,89,2300,6e,57,0d,63,49,600,3600,49
723,00:07:23,1dbc,15,2,335,89,2300,6e,57,0d,63,4a,800,3600,68
723,00:07:23,1d98,0d,2,01b8,40,1700,71,57,0c,63,4a,800,3600,68
724,00:07:24,1bd0,0d,2,017a,40,1700,71,57,0c,63,4b,500,3600,67
724,00:07:24,1a1c,21,2,172,47,1600,66,57,0b,63,4b,500,3600,67
725,00:07:25,199c,25,2,1e00,47,1600,66,57,0b,63,4a,600,3600,63
725,00:07:25,1a38,25,2,226,61,1af4,68,57,0c,63,4a,068a,3639,63
726,00:07:26,1ba0,22,2,261,61,1af4,68,57,0c,64,4a,759,3658,6b
726,00:07:26,1d20,18,2,264,59,1c20,6c,57,0d,64,4a,759,3658,6b
727,00:07:27,1e20,15,2,219,59,1c20,6c,57,0d,64,4a,06ba,364f,70
727,00:07:27,1e74,11,2,1e08,43,1888,69,57,0e,64,4a,06ba,364f,70
728,00:07:28,1e58,15,2,01ca,43,1888,69,57,0e,64,49,630,375f,6a
728,00:07:28,1dc4,22,2,017f,39,170c,65,57,0d,64,49,630,375f,6a
729,00:07:29,1d6c,38,2,01ca,39,170c,65,57,0d,64,49,078e,377e,62
729,00:07:29,1e34,35,2,239,51,1c98,6b,57,0e,64,49,078e,377e,62
730,00:07:30,1f68,20,2,026f,51,1c98,6b,57,0e,64,49,761,377d,6b
730,00:07:30,1fa4,17,2,020a,42,1978,6d,57,0e,64,49,761,377d,6b
731,00:07:31,1eac,16,2,019b,42,1978,6d,57,0e,64,49,5e00,3787,6c
731,00:07:31,1d28,16,2,017a,39,15f4,65,57,0c,64,49,5e00,3787,6c
732,00:07:32,1c04,17,2,019a,39,15f4,65,57,0c,65,48,562,3721,64
732,00:07:32,1b80,13,2,01d6,4d,1700,65,57,0c,65,48,500,3700,64
733,00:07:33,194c,0,1,00ca,4d,1700,65,57,0c,65,48,500,3600,62
733,00:07:33,15b0,0,1,62,17,1000,60,57,8,65,48,500,3600,62
734,00:07:34,11fc,0,1,98,17,1000,60,57,8,65,48,200,3600,65
734,00:07:34,0f20,0,1,00c8,5a,0.00E+00,5d,57,6,65,48,200,3600,65
735,00:07:35,0f68,7,2,128,5a,0.00E+00,5d,57,6,65,45,300,3700,46
735,00:07:35,10bc,5,2,013d,73,1100,5d,57,7,65,45,300,3700,46
736,00:07:36,1158,1,2,0.00E+00,73,1100,5d,57,7,65,45,200,3700,69
736,00:07:36,113c,1,2,00b1,3f,1000,5c,57,7,65,45,200,3700,69
737,00:07:37,10c0,3,2,009c,3f,1000,5c,57,7,65,46,200,3700,5a
737,00:07:37,10c4,16,2,00b0,4a,0f00,5b,57,7,65,46,200,3700,5a
738,00:07:38,11dc,17,2,00ee,4a,0f00,5b,57,7,65,46,400,3700,59
738,00:07:38,12bc,17,2,00f2,4e,1100,5c,57,8,65,46,400,3700,59
739,00:07:39,13ac,14,2,120,4e,1100,5c,57,8,66,47,300,3700,5c
739,00:07:39,135c,0,1,00d6,35,10cc,5c,57,9,66,47,03ca,3742,5c
740,00:07:40,12f8,0,1,00c5,35,10cc,5c,57,9,66,47,03f8,3712,6b
740,00:07:40,11ac,0,5,009d,37,0f8c,5c,57,8,66,47,03f8,3712,6b
741,00:07:41,1048,0,1,008a,37,0f8c,5c,57,8,66,47,026a,3685,61
741,00:07:41,0.00E+00,0,5,007c,40,0c30,5b,57,8,66,47,026a,3685,61
742,00:07:42,0.00E+00,0,5,008f,40,0c30,5b,57,8,66,45,028b,3681,64
742,00:07:42,0.00E+00,0,5,008d,49,0c44,5b,57,8,66,45,028b,3681,64
743,00:07:43,0.00E+00,0,5,008f,49,0c44,5b,57,8,66,46,026a,3625,68
743,00:07:43,0.00E+00,0,1,008d,49,0bcc,5a,57,8,66,46,026a,3625,68
744,00:07:44,0.00E+00,0,1,008f,49,0bcc,5a,57,8,66,46,256,3680,63
744,00:07:44,0eb8,0,1,008a,45,0c6c,5a,57,7,66,46,256,3680,63
745,00:07:45,1020,0,1,53,45,0c6c,5a,57,7,66,46,02a6,371d,4f
745,00:07:45,121c,0e,2,123,77,1054,5b,57,8,66,46,02a6,371d,4f
746,00:07:46,135c,6,2,169,77,1054,5b,57,8,66,47,03bf,3724,6e
746,00:07:46,1428,9,2,00b8,2f,1100,5c,57,9,66,47,300,3700,6e
747,00:07:47,1408,0e,2,00dd,2f,1100,5c,57,9,66,48,300,3600,65
747,00:07:47,14c8,11,2,011e,4e,1300,5b,57,0a,66,48,300,3600,65
748,00:07:48,16a0,19,2,015e,4e,1300,5b,57,0a,66,47,500,3700,63
748,00:07:48,1908,19,2,01ad,53,1600,5f,57,0c,66,47,500,3700,63
749,00:07:49,1b34,0,1,01d0,53,1600,5f,57,0c,66,49,600,3700,64
749,00:07:49,161c,0,1,86,1d,1100,61,57,0c,66,49,600,3700,64
750,00:07:50,113c,0,1,00a2,1d,1100,61,57,0c,67,49,200,3700,62
750,00:07:50,1234,0e,2,00d8,64,1100,5c,57,0d,67,49,200,3700,62
751,00:07:51,1234,0b,2,01bb,64,1100,5c,57,0d,67,47,400,3600,61
751,00:07:51,1308,0,1,00da,46,1200,5d,57,0f,67,47,400,3600,61
752,00:07:52,12b8,0,1,00bb,46,1200,5d,57,0f,67,47,300,3700,59
752,00:07:52,12a4,0,5,64,22,0f00,5b,57,0e,67,47,300,3700,59
753,00:07:53,11e8,0,1,000e,22,0f00,5b,57,0e,67,47,400,3700,66
753,00:07:53,1200,1a,2,45,42,0f8c,5c,57,0e,67,47,404,3718,66
754,00:07:54,1268,1d,2,012d,42,0f8c,5c,57,0e,67,47,405,3734,62
754,00:07:54,137c,19,2,165,69,13d8,5d,57,10,67,47,405,3734,62
755,00:07:55,14c0,19,2,187,69,13d8,5d,57,10,67,47,047b,3724,65
755,00:07:55,1608,18,2,196,61,1644,5e,57,12,67,47,047b,3724,65
756,00:07:56,1740,12,2,193,61,1644,5e,57,12,67,47,048c,3736,68
756,00:07:56,181c,0f,2,155,4a,1590,5f,57,13,67,47,048c,3736,68
757,00:07:57,16d0,0,1,00a8,4a,1590,5f,57,13,67,47,04de,3702,63
757,00:07:57,1110,0,5,90,3d,0fb4,5e,57,13,67,47,04de,3702,63
758,00:07:58,0ea8,0,5,007d,3d,0fb4,5e,57,13,67,46,022d,36e9,5e
758,00:07:58,0df4,0d,2,008c,49,0bb8,5b,57,12,67,46,022d,36e9,5e
759,00:07:59,16d0,15,2,177,49,0bb8,5b,57,12,67,46,05dc,3762,66
759,00:07:59,1438,14,2,019a,6c,1400,60,57,14,67,46,05dc,3762,66
800,00:08:00,10c8,8,2,100,6c,1400,60,57,14,67,48,03c5,3739,6d
800,00:08:00,1090,0,1,00a7,3c,0.00E+00,5d,57,15,67,48,300,3700,6d
801,00:08:01,109c,6,2,96,3c,0.00E+00,5d,57,15,67,46,300,3700,4c
801,00:08:01,116c,0f,2,165,74,1000,5c,57,16,67,46,300,3700,4c
802,00:08:02,1218,0f,2,014b,74,1000,5c,57,16,67,46,400,3700,5a
802,00:08:02,127c,0d,2,146,62,1200,5e,57,17,67,46,400,3700,5a
803,00:08:03,12e8,12,2,107,62,1200,5e,57,17,67,47,300,3700,66
803,00:08:03,12e0,10,2,010a,55,1200,5d,57,17,67,47,300,3700,66
804,00:08:04,1314,10,2,011a,55,1200,5d,57,17,67,46,300,3700,64
804,00:08:04,135c,10,2,011e,56,1200,5c,57,18,67,46,300,3700,64
805,00:08:05,13b0,11,2,129,56,1200,5c,57,18,68,47,300,3700,65
805,00:08:05,1304,23,2,102,3f,1000,5c,57,19,68,47,300,3700,65
806,00:08:06,1258,0,1,00b3,3f,1000,5c,57,19,68,47,300,3700,5d
806,00:08:06,1374,0,1,0,3,0f00,5c,57,17,68,47,300,3700,5d
807,00:08:07,1300,14,2,006e,3,0f00,5c,57,17,68,47,300,3700,5c
807,00:08:07,1288,16,2,102,65,11bc,5c,57,17,68,47,034f,372e,5c
808,00:08:08,1300,0d,2,012a,65,11bc,5c,57,17,68,47,393,3736,58
808,00:08:08,13b8,0,1,22,0,0f28,5b,57,17,68,47,393,3736,58
809,00:08:09,1064,0,5,004b,0,0f28,5b,57,17,68,47,254,370e,65
809,00:08:09,0d2c,0,1,82,47,0c80,5b,57,16,68,47,254,370e,65
810,00:08:10,0df8,0,1,88,47,0c80,5b,57,16,68,45,027f,371d,67
810,00:08:10,0e1c,0,1,88,46,0bf4,5b,57,16,68,45,027f,371d,67
811,00:08:11,0e0c,0,1,87,46,0bf4,5b,57,16,68,45,267,3710,63
811,00:08:11,0.00E+00,0,1,87,47,0c30,5a,57,16,68,45,267,3710,63
812,00:08:12,0.00E+00,0,5,008b,47,0c30,5a,57,16,68,45,265,36f7,65
812,00:08:12,0e0c,0,5,008d,48,0bf4,5a,57,16,68,45,265,36f7,65
813,00:08:13,0.00E+00,0,5,008d,48,0bf4,5a,57,16,68,45,268,36b7,64
813,00:08:13,0.00E+00,0,5,008e,4a,0c58,5a,57,15,68,45,268,36b7,64
814,00:08:14,0e2c,0,5,008e,4a,0c58,5a,57,15,68,46,025c,36aa,65
814,00:08:14,0df4,0,5,90,4c,0c00,5a,57,15,68,46,200,3600,65
815,00:08:15,0.00E+00,0,5,91,4c,0c00,5a,57,15,68,46,200,3600,66
815,00:08:15,0e3c,0,5,90,46,0c00,5a,57,16,68,46,200,3600,66
816,00:08:16,0e0c,0,5,008d,46,0c00,5a,57,16,68,46,200,3600,65
816,00:08:16,0.00E+00,0,5,008e,48,0c00,5a,57,16,68,46,200,3600,65
817,00:08:17,0.00E+00,0,5,008e,48,0c00,5a,57,16,68,46,200,3600,64
817,00:08:17,0dfc,0,5,008c,4b,0c00,5a,57,15,68,46,200,3600,64
818,00:08:18,0e0c,0,5,008c,4b,0c00,5a,57,15,68,46,200,3600,64
818,00:08:18,0.00E+00,0,5,008e,48,0c00,5a,57,15,68,46,200,3600,64
819,00:08:19,0df4,0,5,008e,48,0c00,5a,57,15,68,46,200,3600,66
819,00:08:19,0e0c,0,5,93,4b,0c00,5a,57,14,68,46,200,3600,66
820,00:08:20,0.00E+00,0,5,008f,4b,0c00,5a,57,14,68,46,200,3600,66
820,00:08:20,0.00E+00,0,5,008e,47,0c00,5a,57,11,68,46,200,3600,66
821,00:08:21,0.00E+00,0,5,008f,47,0c00,5a,57,11,68,46,200,3600,65
821,00:08:21,0.00E+00,0,5,008e,49,0c6c,5a,57,0e,68,46,256,36f3,65
822,00:08:22,0.00E+00,0,5,008d,49,0c6c,5a,57,0e,68,46,025e,36d0,64
822,00:08:22,0.00E+00,0,5,008f,48,0c58,5a,57,0d,68,46,025e,36d0,64
823,00:08:23,0e0c,0,5,008f,48,0c58,5a,57,0d,68,46,254,36a9,66
823,00:08:23,0.00E+00,0,5,008d,44,0c44,5a,57,0b,68,46,254,36a9,66
824,00:08:24,0e1c,0,5,88,44,0c44,5a,57,0b,69,46,254,368a,67
824,00:08:24,0.00E+00,0,5,008a,45,0c08,5a,57,0a,69,46,254,368a,67
825,00:08:25,0.00E+00,0,5,008a,45,0c08,5a,57,0a,69,46,243,36ac,66
825,00:08:25,0e2c,0,5,008b,46,0c1c,5a,57,9,69,46,243,36ac,66
826,00:08:26,0e1c,0,5,88,46,0c1c,5a,57,9,69,46,257,36f7,64
826,00:08:26,0e2c,0,5,86,44,0cbc,5a,57,5,69,46,257,36f7,64
827,00:08:27,0e0c,0,5,89,44,0cbc,5a,57,5,69,46,260,36e0,65
827,00:08:27,0.00E+00,0,5,86,45,0c30,5a,57,5,69,46,260,36e0,65
828,00:08:28,0.00E+00,0,5,86,45,0c30,5a,57,3,69,46,026e,36bf,65
828,00:08:28,0e2c,0,1,86,44,0b00,5a,57,3,69,46,200,3600,65
829,00:08:29,0.00E+00,0,1,86,44,0b00,5a,57,4,69,46,200,3600,65
829,00:08:29,0df8,0,1,008a,47,0b00,5a,57,4,69,46,200,3600,65
830,00:08:30,0d94,0,1,93,47,0b00,5a,57,5,69,46,200,3600,65
830,00:08:30,0d2c,0,1,00b7,64,0c00,5a,57,5,69,46,200,3600,5f
831,00:08:31,0d84,0,1,00ba,64,0c00,5a,57,6,69,46,200,3700,5f
831,00:08:31,0d48,0,1,00fd,80,0d00,5b,57,6,69,46,200,3700,56
832,00:08:32,0dcc,0,1,00fb,80,0d00,5b,57,9,69,46,200,3400,56
832,00:08:32,0dc0,0,1,105,86,0.00E+00,5b,57,9,69,46,200,3400,69
833,00:08:33,0efc,0,1,100,86,0.00E+00,5b,57,0b,69,47,200,3600,69
833,00:08:33,0fdc,0,1,00c5,49,0.00E+00,5b,57,0b,69,47,200,3600,6b
834,00:08:34,10b0,2,2,87,49,0.00E+00,5b,57,0d,69,47,200,3600,6b
834,00:08:34,1228,27,2,00d1,64,1100,5b,57,0d,69,47,200,3600,33
835,00:08:35,1274,27,2,159,64,1100,5b,57,0e,69,47,400,3600,33
835,00:08:35,13f4,30,2,193,7b,1680,5e,57,0e,69,47,042e,3657,34
836,00:08:36,12ec,0,1,00ac,7b,1680,5e,57,10,69,48,456,366c,34
836,00:08:36,1228,0,1,00c7,42,1054,5e,57,10,69,48,456,366c,55
837,00:08:37,16a4,12,2,207,42,1054,5e,57,11,69,47,023a,3627,55
837,00:08:37,0.00E+00,9,2,142,89,1054,5e,57,11,69,47,023a,3627,33
838,00:08:38,0f8c,0,1,104,89,1054,5e,57,13,69,47,038b,3654,33
838,00:08:38,0ff0,1,2,00b4,48,0.00E+00,5d,57,13,69,47,038b,3654,6b
839,00:08:39,1050,0b,2,0.00E+00,48,0.00E+00,5d,57,14,69,47,03c8,366b,6b
839,00:08:39,10a4,0b,2,122,6e,10b8,5d,57,14,69,47,03c8,366b,60
840,00:08:40,1048,0,1,00a2,6e,10b8,5d,57,14,69,46,02f3,365b,60
840,00:08:40,1048,0,1,002f,1a,0e4c,5b,57,14,69,46,02f3,365b,66
841,00:08:41,0fd8,0,1,34,1a,0e4c,5b,57,13,69,46,027d,364d,66
841,00:08:41,0fbc,0,1,32,1b,0d34,5b,57,13,69,46,027d,364d,6b
842,00:08:42,0f3c,0,1,002f,1b,0d34,5b,57,12,69,45,029f,353d,6b
842,00:08:42,0eb8,0,5,40,27,0c00,5a,57,12,69,45,200,3500,6a
843,00:08:43,0.00E+00,0,5,70,27,0c00,5a,57,11,69,46,200,3600,6a
843,00:08:43,0.00E+00,0,5,82,47,0c00,5a,57,11,69,46,200,3600,66
844,00:08:44,0d94,0,5,89,47,0c00,5a,57,11,69,45,200,3500,66
844,00:08:44,0d10,0,5,87,51,0b00,5b,57,11,69,45,200,3500,67
845,00:08:45,0d04,0,1,008f,51,0b00,5b,57,10,69,45,200,3600,67
845,00:08:45,0cb8,0,1,009b,59,0b00,5a,57,10,69,45,200,3600,60
846,00:08:46,0ce4,0,2,009e,59,0b00,5a,57,10,69,45,200,3600,60
846,00:08:46,0d20,13,2,129,a4,0f00,5b,57,10,69,45,200,3600,5
847,00:08:47,0.00E+00,1b,2,016c,a4,0f00,5b,57,11,6a,46,300,3600,5
847,00:08:47,0f14,1b,2,142,99,1000,5c,57,11,6a,46,300,3600,34
848,00:08:48,0f78,31,2,145,99,1000,5c,57,13,6a,47,300,3600,34
848,00:08:48,0fe4,36,2,019d,a4,1400,5d,57,13,6a,47,300,3600,32
849,00:08:49,1084,30,2,01b3,a4,1400,5d,57,14,6a,47,300,3700,32
849,00:08:49,1108,36,2,01a6,8f,14dc,5f,57,14,6a,47,03d6,3712,32
850,00:08:50,11c8,3b,2,01d3,8f,14dc,5f,57,16,6a,47,044d,3718,32
850,00:08:50,1268,39,2,01ef,96,17ac,60,57,16,6a,47,044d,3718,32
851,00:08:51,133c,2c,2,1e07,96,17ac,60,57,18,6a,47,04c6,36f2,32
851,00:08:51,13d4,2a,2,01d1,82,1770,61,57,18,6a,47,04c6,36f2,3c
852,00:08:52,145c,43,2,205,82,1770,61,57,19,6a,47,546,3712,3c
852,00:08:52,1534,3d,2,248,72,1a90,64,57,19,6a,47,546,3712,3d
853,00:08:53,1110,0,1,10,72,1a90,64,57,1a,6a,47,324,36a9,3d
853,00:08:53,0d60,0,1,68,3e,0dc0,5e,57,1a,6a,47,324,36a9,6c
854,00:08:54,0d98,0,1,73,3e,0dc0,5e,57,19,6a,46,237,36ea,6c
854,00:08:54,0.00E+00,4,2,70,63,0bcc,5a,57,19,6a,46,237,36ea,66
855,00:08:55,17cc,1f,2,019e,63,0bcc,5a,57,19,6a,44,680,3691,66
855,00:08:55,13ec,15,2,021b,3f,13c4,61,57,19,6a,44,680,3691,6e
856,00:08:56,1478,0,1,00be,3f,13c4,61,57,19,6a,47,03de,36e3,6e
856,00:08:56,1068,0,5,63,32,0.00E+00,5d,57,19,6a,47,300,3600,74
857,00:08:57,0.00E+00,0,5,77,32,0.00E+00,5d,57,18,6a,45,200,3600,74
857,00:08:57,0.00E+00,0,5,007b,41,0b00,5b,57,18,6a,45,200,3600,61
858,00:08:58,0e1c,0,5,007c,41,0b00,5b,57,16,6a,44,200,3600,61
858,00:08:58,0e2c,0,5,007f,40,0b00,5b,57,16,6a,44,200,3600,66
859,00:08:59,0e0c,0,5,007d,40,0b00,5b,57,12,6a,45,200,3600,66
859,00:08:59,0.00E+00,0,5,007e,42,0b00,5b,57,12,6a,45,200,3600,66
900,00:09:00,0.00E+00,0,5,007f,42,0b00,5b,57,0e,6a,45,200,3600,66
900,00:09:00,0.00E+00,0,5,81,43,0c00,5b,57,0e,6a,45,200,3600,64
901,00:09:01,0.00E+00,0,5,80,43,0c00,5b,57,0a,6a,45,200,3600,64
901,00:09:01,0e0c,0,5,82,44,0b00,5a,57,0a,6a,45,200,3600,65
902,00:09:02,0.00E+00,0,1,80,44,0b00,5a,57,8,6a,45,200,3600,65
902,00:09:02,0cd0,0,1,00be,6f,0b00,5b,57,8,6a,45,200,3600,60
903,00:09:03,0dd0,0,1,00be,6f,0b00,5b,57,7,6b,45,200,3600,60
903,00:09:03,0de0,0,1,00c0,61,0ce4,5b,57,7,6b,45,271,3609,65
904,00:09:04,0.00E+00,0,1,00bc,61,0ce4,5b,57,7,6b,46,289,36fc,65
904,00:09:04,0de8,0,1,00c0,63,0dac,5b,57,7,6b,46,289,36fc,63
905,00:09:05,0c5c,0,1,012b,63,0dac,5b,57,9,6b,46,02a9,3686,63
905,00:09:05,0da8,0,1,154,82,0f28,5c,57,9,6b,46,02a9,3686,50
906,00:09:06,0ea8,0,1,133,82,0f28,5c,57,0b,6b,46,360,36dd,50
906,00:09:06,0f28,0,1,010f,71,0f28,5d,57,0b,6b,46,360,36dd,64
907,00:09:07,1074,10,2,01b1,71,0f28,5d,57,0d,6b,46,03ff,36d5,64
907,00:09:07,11fc,1a,2,219,a3,1770,5e,57,0d,6b,46,03ff,36d5,32
908,00:09:08,1350,1a,2,01a0,a3,1770,5e,57,0f,6b,47,04c6,3706,32
908,00:09:08,1438,41,2,018c,76,166c,60,57,0f,6b,47,04c6,3706,3b
909,00:09:09,157c,2e,2,01f9,76,166c,60,57,11,6b,47,05f1,36e9,3b
909,00:09:09,159c,0,1,00c7,26,1270,62,57,11,6b,47,05f1,36e9,4e
910,00:09:10,1244,0,1,00b0,26,1270,62,57,11,6b,47,02ff,36c7,4e
910,00:09:10,1158,0,5,93,36,0f00,5e,57,11,6b,47,200,3600,6f
911,00:09:11,0fcc,0,5,81,36,0f00,5e,57,0f,6b,46,200,3600,6f
911,00:09:11,0e0c,0,5,79,42,0b00,5b,57,0f,6b,46,200,3600,61
912,00:09:12,0e0c,0,5,80,42,0b00,5b,57,0d,6b,44,200,3600,61
912,00:09:12,0e3c,0,5,82,42,0b00,5b,57,0d,6b,44,200,3600,69
913,00:09:13,0.00E+00,0,5,80,42,0b00,5b,57,0b,6b,44,200,3600,69
913,00:09:13,0.00E+00,0,5,80,42,0b00,5b,57,0b,6b,44,200,3600,67
914,00:09:14,0.00E+00,0,5,84,42,0b00,5b,57,8,6b,44,200,3600,67
914,00:09:14,0.00E+00,0,5,80,42,0b00,5b,57,8,6b,44,200,3600,64
915,00:09:15,0.00E+00,0,5,80,42,0b00,5b,57,6,6b,45,200,3600,64
915,00:09:15,0.00E+00,0,1,007e,41,0b00,5b,57,6,6b,45,200,3600,64
916,00:09:16,0.00E+00,0,5,007f,41,0b00,5b,57,5,6b,45,200,3600,64
916,00:09:16,0.00E+00,0,5,007f,43,0b00,5b,57,5,6b,45,200,3600,65
917,00:09:17,0e1c,0,5,82,43,0b00,5b,57,3,6b,45,200,3600,65
917,00:09:17,0.00E+00,0,5,83,43,0bf4,5b,57,3,6b,45,251,369b,66
918,00:09:18,0.00E+00,0,5,83,43,0bf4,5b,57,1,6c,45,025e,3693,66
918,00:09:18,0e0c,0,1,80,43,0bcc,5b,57,1,6c,45,025e,3693,66
919,00:09:19,0.00E+00,0,5,80,43,0bcc,5b,57,1,6c,45,246,369b,66
919,00:09:19,0e0c,0,5,86,45,0be0,5b,57,1,6c,45,246,369b,67
920,00:09:20,0.00E+00,0,5,83,45,0be0,5b,57,0,6c,45,243,36e9,67
920,00:09:20,0.00E+00,0,5,81,44,0c08,5b,57,0,6c,45,243,36e9,67
921,00:09:21,0.00E+00,0,5,83,44,0c08,5b,57,0,6c,45,256,36dc,67
921,00:09:21,0.00E+00,0,5,83,44,0bf4,5a,57,0,6c,45,256,36dc,64
922,00:09:22,0.00E+00,0,5,83,44,0bf4,5a,57,0,6c,45,259,36e1,64
922,00:09:22,0.00E+00,0,5,84,44,0bcc,5b,57,0,6c,45,259,36e1,63
923,00:09:23,0e0c,0,5,85,44,0bcc,5b,57,0,6c,45,025b,36cf,63
923,00:09:23,0e4c,0,1,80,42,0be0,5b,57,0,6c,45,025b,36cf,66
924,00:09:24,0.00E+00,0,5,83,42,0be0,5b,57,0,6c,45,025b,33cc,66
924,00:09:24,0.00E+00,0,5,88,48,0b00,5b,57,0,6c,45,200,3300,6e
925,00:09:25,0.00E+00,0,5,90,48,0b00,5b,57,0,6c,45,200,3500,6e
925,00:09:25,0.00E+00,0,5,93,4a,0c00,5b,57,0,6c,45,200,3500,67
926,00:09:26,0.00E+00,0,5,008e,4a,0c00,5b,57,0,6c,45,200,3500,67
926,00:09:26,0.00E+00,0,5,008e,46,0b00,5b,57,0,6c,45,200,3500,66
927,00:09:27,0e0c,0,5,008c,46,0b00,5b,57,0,6c,45,200,3500,66
927,00:09:27,0.00E+00,0,5,008c,49,0c00,5b,57,0,6c,45,200,3500,69
928,00:09:28,0.00E+00,0,5,008d,49,0c00,5b,57,0,6c,45,200,3600,69
928,00:09:28,0.00E+00,0,5,008d,48,0c00,5b,57,0,6c,45,200,3600,67
929,00:09:29,0.00E+00,0,5,008c,48,0c00,5b,57,0,6c,45,200,3600,67
929,00:09:29,0.00E+00,0,5,008c,48,0c00,5b,57,0,6c,45,200,3600,66
930,00:09:30,0.00E+00,0,5,008d,48,0c00,5b,57,0,6c,45,200,3600,66
930,00:09:30,0e1c,0,5,008b,47,0c00,5b,57,0,6c,45,200,3600,67
931,00:09:31,0.00E+00,0,5,008b,47,0c00,5b,57,0,6c,45,200,3600,67
931,00:09:31,0.00E+00,0,5,008b,48,0b90,5b,57,0,6c,45,265,3656,69
932,00:09:32,0.00E+00,0,5,008b,48,0b90,5b,57,0,6c,45,024f,360a,69
932,00:09:32,0e0c,0,5,008d,48,0c30,5b,57,0,6c,45,024f,360a,69
933,00:09:33,0.00E+00,0,5,008d,48,0c30,5b,57,0,6c,45,256,360b,69
933,00:09:33,0.00E+00,0,5,008b,46,0bcc,5b,57,0,6c,45,256,360b,66
934,00:09:34,0.00E+00,0,5,008b,46,0bcc,5b,57,0,6c,45,260,362a,66
934,00:09:34,0.00E+00,0,5,89,47,0c08,5b,57,0,6c,45,260,362a,68
935,00:09:35,0.00E+00,0,5,89,47,0c08,5b,57,0,6c,45,257,3625,68
935,00:09:35,0.00E+00,0,5,008a,46,0bb8,5b,57,0,6c,45,257,3625,68
936,00:09:36,0.00E+00,0,5,87,46,0bb8,5b,57,0,6c,45,259,3628,68
936,00:09:36,0e1c,0,5,88,46,0c44,5b,57,0,6c,45,259,3628,67
937,00:09:37,0e1c,0,5,008a,46,0c44,5b,57,0,6c,45,025b,35f8,67
937,00:09:37,0.00E+00,0,5,88,45,0c80,5b,57,0,6c,45,025b,35f8,68
938,00:09:38,0.00E+00,0,5,008a,45,0c80,5b,57,0,6c,45,246,360e,68
938,00:09:38,0dec,0,5,008f,4c,0c00,5b,57,0,6c,45,200,3600,66
939,00:09:39,0da0,0,1,009c,4c,0c00,5b,57,0,6c,45,200,3600,66
939,00:09:39,0.00E+00,0,1,00eb,6e,0d00,5b,57,0,6c,45,200,3600,61
940,00:09:40,0db0,0,1,00ec,6e,0d00,5b,57,1,6c,46,200,3600,61
940,00:09:40,0de4,0,1,00ed,77,0d00,5b,57,1,6c,46,200,3600,64
941,00:09:41,0de4,0,1,00f9,77,0d00,5b,57,4,6c,46,200,3600,64
941,00:09:41,0dd4,0,5,00f9,79,0.00E+00,5c,57,4,6c,46,200,3600,61
942,00:09:42,0fac,0,5,00d3,79,0.00E+00,5c,57,5,6c,46,200,3600,61
942,00:09:42,0.00E+00,0,5,00b6,58,0d00,5b,57,5,6c,46,200,3600,64
943,00:09:43,0e5c,0,1,00b3,58,0d00,5b,57,4,6c,45,200,3600,64
943,00:09:43,0df0,0,1,00b3,5c,0c00,5b,57,4,6c,45,200,3600,66
944,00:09:44,0dfc,0,1,00d0,5c,0c00,5b,57,4,6c,45,200,3700,66
944,00:09:44,0.00E+00,0,1,0.00E+00,6f,0d00,5b,57,4,6c,45,200,3700,62
945,00:09:45,0.00E+00,0,1,00dd,6f,0d00,5b,57,5,6c,45,200,3700,62
945,00:09:45,0.00E+00,0,1,00df,66,0dc0,5b,57,5,6c,45,029a,3714,63
946,00:09:46,0f4c,0,1,00c4,66,0dc0,5b,57,6,6c,46,295,36c2,63
946,00:09:46,0f60,0,1,00a0,42,0dac,5b,57,6,6c,46,295,36c2,69
947,00:09:47,0f04,0,1,007e,42,0dac,5b,57,6,6c,45,259,36aa,69
947,00:09:47,0.00E+00,0,1,007a,3f,0bf4,5b,57,6,6c,45,259,36aa,68
948,00:09:48,0.00E+00,0,5,007b,3f,0bf4,5b,57,6,6c,45,246,3656,68
948,00:09:48,0dec,0,5,83,44,0bcc,5b,57,6,6c,45,246,3656,65
949,00:09:49,0e3c,0,5,80,44,0bcc,5b,57,5,6c,45,273,36b2,65
949,00:09:49,0.00E+00,0,5,80,42,0ba4,5b,57,5,6c,45,273,36b2,68
950,00:09:50,0.00E+00,0,5,80,42,0ba4,5b,57,4,6c,45,263,36ce,68
950,00:09:50,0.00E+00,0,5,80,42,0bb8,5b,57,4,6c,45,263,36ce,65
951,00:09:51,0e1c,0,5,007f,42,0bb8,5b,57,2,6d,45,263,36cc,65
951,00:09:51,0.00E+00,0,5,80,41,0c08,5b,57,2,6d,45,263,36cc,67
952,00:09:52,0.00E+00,0,5,82,41,0c08,5b,57,1,6d,45,025c,36da,67
952,00:09:52,0.00E+00,0,1,82,44,0c00,5b,57,1,6d,45,200,3600,66
953,00:09:53,0d94,0,1,00ac,44,0c00,5b,57,0,6d,45,200,3600,66
953,00:09:53,0f38,0,5,009a,3d,0d00,5b,57,0,6d,45,200,3600,6a
954,00:09:54,0.00E+00,0,5,007e,3d,0d00,5b,57,0,6d,45,200,3600,6a
954,00:09:54,0.00E+00,0,5,82,44,0b00,5b,57,0,6d,45,200,3600,66
955,00:09:55,0.00E+00,0,5,84,44,0b00,5b,57,0,6d,45,200,3600,66
955,00:09:55,0e2c,0,5,84,43,0c00,5b,57,0,6d,45,200,3600,67
956,00:09:56,0.00E+00,0,5,84,43,0c00,5b,57,0,6d,45,200,3600,67
956,00:09:56,0.00E+00,0,5,82,44,0c00,5b,57,0,6d,45,200,3600,66
957,00:09:57,0.00E+00,0,5,85,44,0c00,5b,57,0,6d,45,200,3600,66
957,00:09:57,0e1c,0,5,85,44,0b00,5b,57,0,6d,45,200,3600,67
958,00:09:58,0.00E+00,0,5,85,44,0b00,5b,57,0,6d,45,200,3600,67
958,00:09:58,0e0c,0,5,86,45,0c00,5b,57,0,6d,45,200,3600,68
959,00:09:59,0e1c,0,5,85,45,0c00,5b,57,0,6d,45,200,3600,68
959,00:09:59,0.00E+00,0,5,85,45,0b7c,5b,57,0,6d,45,257,369e,68
1000,00:10:00,0.00E+00,0,5,86,45,0b7c,5b,57,0,6d,45,263,3692,68
1000,00:10:00,0.00E+00,0,5,87,45,0bb8,5b,57,0,6d,45,263,3692,66
1001,00:10:01,0.00E+00,0,5,87,45,0bb8,5b,57,0,6d,45,273,36aa,66
1001,00:10:01,0.00E+00,0,5,87,45,0c44,5b,57,0,6d,45,273,36aa,69
1002,00:10:02,0.00E+00,0,5,86,45,0c44,5b,57,0,6d,45,025b,342b,69
1002,00:10:02,0.00E+00,0,5,008f,47,0bb8,5b,57,0,6d,45,025b,342b,6b
1003,00:10:03,0de8,0,5,92,47,0bb8,5b,57,0,6d,45,260,34f6,6b
1003,00:10:03,0de8,0,5,98,4f,0c58,5b,57,0,6d,45,260,34f6,69
1004,00:10:04,0e4c,0,5,94,4f,0c58,5b,57,0,6d,45,267,35c5,69
1004,00:10:04,0.00E+00,0,5,90,49,0c58,5b,57,0,6d,45,267,35c5,69
1005,00:10:05,0.00E+00,0,5,008f,49,0c58,5b,57,0,6d,46,023e,35ee,69
1005,00:10:05,0.00E+00,0,5,008f,49,0c58,5b,57,0,6d,46,023e,35ee,67
1006,00:10:06,0.00E+00,0,5,008f,49,0c58,5b,57,0,6d,45,265,36e7,67
1006,00:10:06,0.00E+00,0,5,008d,48,0c00,5b,57,0,6d,45,200,3500,6a
1007,00:10:07,0.00E+00,0,5,008e,48,0c00,5b,57,0,6d,45,200,3500,6a
1007,00:10:07,0e1c,0,5,008f,48,0c00,5b,57,0,6d,45,200,3500,68
1008,00:10:08,0e1c,0,5,008e,48,0c00,5b,57,0,6d,45,200,3500,68
1008,00:10:08,0.00E+00,0,5,008d,48,0c00,5b,57,0,6d,45,200,3500,68
1009,00:10:09,0.00E+00,0,5,008d,48,0c00,5b,57,0,6d,46,200,3500,68
1009,00:10:09,0.00E+00,0,5,008c,47,0c00,5b,57,0,6d,46,200,3500,69
1010,00:10:10,0.00E+00,0,5,008c,47,0c00,5b,57,0,6d,46,200,3500,69
1010,00:10:10,0e0c,0,5,008d,48,0c00,5b,57,0,6d,46,200,3500,69
1011,00:10:11,0.00E+00,0,5,008d,48,0c00,5b,57,0,6d,46,200,3500,69
1011,00:10:11,0.00E+00,0,5,008d,47,0c00,5b,57,0,6d,46,200,3500,68
1012,00:10:12,0e2c,0,5,008c,47,0c00,5b,57,0,6d,46,200,3500,68
1012,00:10:12,0.00E+00,0,5,008e,48,0c00,5b,57,0,6d,46,200,3500,6a
1013,00:10:13,0.00E+00,0,5,008d,48,0c00,5b,57,0,6d,46,200,3500,6a
1013,00:10:13,0e0c,0,5,008c,48,0c30,5b,57,0,6d,46,262,35ea,69
1014,00:10:14,0db8,0,5,96,48,0c30,5b,57,0,6d,46,026a,3529,69
1014,00:10:14,0dac,0,5,00a3,5b,0cbc,5b,57,0,6d,46,026a,3529,66
1015,00:10:15,0dc4,0,5,00b5,5b,0cbc,5b,57,0,6d,46,028b,3535,66
1015,00:10:15,0.00E+00,0,5,00b1,59,0c80,5b,57,0,6d,46,028b,3535,6c
1016,00:10:16,0.00E+00,0,5,00b5,59,0c80,5b,57,0,6d,46,027b,36e5,6c
1016,00:10:16,0.00E+00,0,5,00b0,50,0d70,5b,57,0,6d,46,027b,36e5,68
1017,00:10:17,0.00E+00,0,5,009f,50,0d70,5b,57,0,6d,46,245,36e5,68
1017,00:10:17,0dd8,0,5,009f,54,0c6c,5b,57,0,6d,46,245,36e5,69
1018,00:10:18,0dd4,0,5,00a5,54,0c6c,5b,57,0,6d,45,029f,32d6,69
1018,00:10:18,0d6c,0,5,00b6,6c,0cd0,5b,57,0,6d,45,029f,32d6,6e
1019,00:10:19,0dc8,0,5,00c7,6c,0cd0,5b,57,0,6d,46,295,35bf,6e
1019,00:10:19,0e3c,0,5,00dc,66,0de8,5b,57,0,6d,46,295,35bf,64
1020,00:10:20,0f28,0,5,00bd,66,0de8,5b,57,1,6d,46,034a,362e,64
1020,00:10:20,0.00E+00,0,5,00a9,55,0d00,5c,57,1,6d,46,300,3600,5
1021,00:10:21,0e1c,0,5,00ac,55,0d00,5c,57,1,6d,47,300,3500,5
1021,00:10:21,0.00E+00,0,5,00aa,55,0c00,5c,57,1,6d,47,300,3500,5
1022,00:10:22,0.00E+00,0,5,00ac,55,0c00,5c,57,1,6d,47,300,3600,5
1022,00:10:22,0dec,0,5,00ba,5e,0c00,5c,57,1,6d,47,300,3600,5
1023,00:10:23,0df8,0,5,00b8,5e,0c00,5c,57,0,6d,47,300,3500,5
1023,00:10:23,0.00E+00,0,5,00c2,57,0c00,5c,57,0,6d,47,300,3500,5
1024,00:10:24,0.00E+00,0,5,00aa,57,0c00,5c,57,0,6d,47,300,3500,5
1024,00:10:24,0.00E+00,0,5,00a9,56,0c00,5c,57,0,6d,47,300,3500,5
1025,00:10:25,0de0,0,5,00b0,56,0c00,5c,57,0,6d,47,300,3200,5
1025,00:10:25,0ddc,0,5,00b3,5d,0c00,5c,57,0,6d,47,300,3200,5
1026,00:10:26,0de4,0,1,00b7,5d,0c00,5c,57,0,6d,47,300,3500,5
1026,00:10:26,0.00E+00,0,5,00b2,53,0d00,5c,57,0,6d,47,300,3500,5
1027,00:10:27,0dec,0,5,00b0,53,0d00,5c,57,0,6d,46,300,3200,5
1027,00:10:27,0da4,0,1,00c5,6d,0cf8,5c,57,0,6d,46,030b,3276,5
1028,00:10:28,0.00E+00,0,1,00d7,6d,0cf8,5c,57,0,6e,46,310,3276,5
1028,00:10:28,0e8c,0,5,00d8,60,0d98,5c,57,0,6e,46,310,3276,5
1029,00:10:29,0eb4,0,5,00b9,60,0d98,5c,57,1,6e,46,339,3318,5
1029,00:10:29,0.00E+00,0,5,00b8,5c,0d0c,5c,57,1,6e,46,339,3318,5
1030,00:10:30,0.00E+00,0,5,00ba,5c,0d0c,5c,57,0,6e,46,035c,3621,5
1030,00:10:30,0f0c,0,5,009b,45,0d98,5c,57,0,6e,46,035c,3621,5
1031,00:10:31,0.00E+00,0,1,008c,45,0d98,5c,57,0,6e,46,324,3690,5
1031,00:10:31,0.00E+00,0,1,008b,46,0c6c,5c,57,0,6e,46,324,3690,5
1032,00:10:32,0.00E+00,0,1,008a,46,0c6c,5c,57,0,6e,46,333,36b0,5
1032,00:10:32,0.00E+00,0,1,87,45,0c08,5c,57,0,6e,46,333,36b0,5
1033,00:10:33,0.00E+00,0,1,87,45,0c08,5c,57,0,6e,46,328,3697,5
1033,00:10:33,0.00E+00,0,1,89,45,0c1c,5c,57,0,6e,46,328,3697,5
1034,00:10:34,0e1c,0,1,88,45,0c1c,5c,57,0,6e,46,328,3688,5
1034,00:10:34,0df4,0,5,008a,4c,0b00,5c,57,0,6e,46,300,3600,5
1035,00:10:35,0d9c,0,1,00a4,4c,0b00,5c,57,0,6e,46,300,3600,5
1035,00:10:35,0.00E+00,0,1,00a4,4d,0c00,5c,57,0,6e,46,300,3600,5
1036,00:10:36,0e0c,0,1,009e,4d,0c00,5c,57,0,6e,46,300,3600,5
1036,00:10:36,0df4,0,1,009e,52,0c00,5c,57,0,6e,46,300,3600,5
1037,00:10:37,0df0,0,5,00a2,52,0c00,5c,57,0,6e,46,300,3600,5
1037,00:10:37,0ea0,0,5,00a5,48,0c00,5c,57,0,6e,46,300,3600,5
1038,00:10:38,0.00E+00,0,5,008f,48,0c00,5c,57,0,6e,46,300,3600,5
1038,00:10:38,0.00E+00,0,1,92,49,0c00,5c,57,0,6e,46,300,3600,5
1039,00:10:39,0dcc,0,5,96,49,0c00,5c,57,0,6e,46,300,3600,5
1039,00:10:39,0.00E+00,0,5,99,4a,0c00,5c,57,0,6e,46,300,3600,5
1040,00:10:40,0e2c,0,5,94,4a,0c00,5c,57,0,6e,46,300,3600,5
1040,00:10:40,0da0,0,5,00ac,5c,0c00,5c,57,0,6e,46,300,3600,5
1041,00:10:41,0e4c,0,5,00aa,5c,0c00,5c,57,0,6e,46,300,3600,5
1041,00:10:41,0ec0,0,5,95,45,0d34,5c,57,0,6e,46,356,36e6,5
1042,00:10:42,0d4c,0,1,00a0,45,0d34,5c,57,0,6e,46,031f,36bc,5
1042,00:10:42,0f08,0,5,00b0,4a,0d48,5c,57,0,6e,46,031f,36bc,5
1043,00:10:43,0eac,0,1,92,4a,0d48,5c,57,0,6e,46,328,3711,5
1043,00:10:43,0dfc,0,1,99,4f,0bf4,5c,57,0,6e,46,328,3711,5
1044,00:10:44,0.00E+00,0,5,009a,4f,0bf4,5c,57,0,6e,46,337,36e4,5
1044,00:10:44,0.00E+00,0,5,008f,47,0c80,5c,57,0,6e,46,337,36e4,5
1045,00:10:45,0.00E+00,0,1,008c,47,0c80,5c,57,0,6e,46,02ee,36e4,5
1045,00:10:45,0.00E+00,0,1,00b1,57,0d48,5c,57,0,6e,46,02ee,36e8,5
1046,00:10:46,0.00E+00,0,1,00ac,57,0d48,5c,57,0,6e,46,031c,36e2,5
1046,00:10:46,0ef4,0,5,009d,44,0d98,5c,57,0,6e,46,031c,36e2,5
1047,00:10:47,0.00E+00,0,5,89,44,0d98,5c,57,0,6e,46,033a,36d9,5
1047,00:10:47,0.00E+00,0,5,008c,47,0c08,5c,57,0,6e,46,033a,36d9,5
1048,00:10:48,0df8,0,5,008f,47,0c08,5c,57,0,6e,47,305,36f9,5
1048,00:10:48,0dc4,0,1,00a5,55,0c00,5c,57,0,6e,47,300,3600,5
1049,00:10:49,0.00E+00,0,1,00a5,55,0c00,5c,57,0,6e,46,300,3700,5
1049,00:10:49,0.00E+00,0,1,99,4c,0d00,5c,57,0,6e,46,300,3700,5
1050,00:10:50,0df0,0,5,009f,4c,0d00,5c,57,0,6e,47,200,3500,5
1050,00:10:50,0.00E+00,0,5,00b6,57,0d00,5c,57,0,6e,47,200,3500,5
1051,00:10:51,0e5c,0,1,00a7,57,0d00,5c,57,0,6e,47,300,3600,5
1051,00:10:51,0.00E+00,0,5,00ab,53,0d00,5c,57,0,6e,47,300,3600,5
1052,00:10:52,0e6c,0,5,00a0,53,0d00,5c,57,0,6e,47,300,3600,5
1052,00:10:52,0.00E+00,0,5,99,4a,0b00,5c,57,0,6e,47,300,3600,5
1053,00:10:53,0e8c,0,1,94,4a,0b00,5c,57,0,6e,47,300,3600,5
1053,00:10:53,0.00E+00,0,5,84,43,0c00,5c,57,0,6e,47,300,3600,5
1054,00:10:54,0df8,0,5,87,43,0c00,5c,57,0,6e,47,300,3500,5
1054,00:10:54,0df0,0,5,008f,49,0b00,5c,57,0,6e,47,300,3500,5
1055,00:10:55,0.00E+00,0,1,94,49,0b00,5c,57,0,6e,47,300,3200,5
1055,00:10:55,0da8,0,1,97,57,0c08,5c,57,0,6e,47,031a,3297,5
1056,00:10:56,0dfc,0,1,00ad,57,0c08,5c,57,0,6e,46,310,31d7,5
1056,00:10:56,0de4,0,1,00bd,5f,0c58,5c,57,0,6e,46,310,31d7,5
1057,00:10:57,0e2c,0,1,00bf,5f,0c58,5c,57,0,6e,47,031c,35aa,5
1057,00:10:57,0.00E+00,0,1,00be,55,0dc0,5c,57,0,6e,47,031c,35aa,5
1058,00:10:58,0f5c,0,1,00a2,55,0dc0,5c,57,1,6e,47,035c,35c7,5
1058,00:10:58,0.00E+00,0,1,008f,49,0cf8,5c,57,1,6e,47,035c,35c7,5
1059,00:10:59,0de8,0,5,94,49,0cf8,5c,57,0,6f,47,318,346b,5
1059,00:10:59,0dd8,0,5,009b,52,0c58,5c,57,0,6f,47,318,346b,5
1100,00:11:00,0.00E+00,0,5,009d,52,0c58,5c,57,0,6f,46,310,3514,5
1100,00:11:00,0db0,0,5,009f,5b,0c80,5c,57,0,6f,46,310,3514,5
1101,00:11:01,0.00E+00,0,1,00ba,5b,0c80,5c,57,0,6f,47,333,3671,5
1101,00:11:01,0.00E+00,0,5,00ac,5b,0d34,5c,57,0,6f,47,333,3671,5
1102,00:11:02,0e3c,0,5,00c2,5b,0d34,5c,57,0,6f,47,335,366b,5
1102,00:11:02,0ec0,0,5,00ab,4e,0d00,5c,57,0,6f,47,300,3600,5
1103,00:11:03,0.00E+00,0,5,00a8,4e,0d00,5c,57,0,6f,47,300,3300,5
1103,00:11:03,0dd8,0,5,00ad,5d,0c00,5c,57,0,6f,47,300,3300,5
1104,00:11:04,0.00E+00,0,5,00c1,5d,0c00,5c,57,0,6f,47,300,3600,5
1104,00:11:04,0.00E+00,0,5,00bb,54,0d00,5c,57,0,6f,47,300,3600,5
1105,00:11:05,0.00E+00,0,5,00aa,54,0d00,5c,57,0,6f,47,300,3600,5
1105,00:11:05,0e3c,0,1,00a7,52,0d00,5c,57,0,6f,47,300,3600,5
1106,00:11:06,0dc4,0,5,00b4,52,0d00,5c,57,0,6f,47,300,3200,5
1106,00:11:06,0.00E+00,0,5,00b5,5b,0c00,5c,57,0,6f,47,300,3200,5
1107,00:11:07,0e1c,0,5,00b5,5b,0c00,5c,57,0,6f,47,200,3500,5
1107,00:11:07,0e6c,0,5,00b6,52,0.00E+00,5c,57,0,6f,47,200,3500,5
1108,00:11:08,0.00E+00,0,1,00aa,52,0.00E+00,5c,57,0,6f,47,300,3500,5
1108,00:11:08,0.00E+00,0,5,00ae,56,0d00,5c,57,0,6f,47,300,3500,5
1109,00:11:09,0.00E+00,0,5,00a7,56,0d00,5c,57,0,6f,47,300,3600,5
1109,00:11:09,0.00E+00,0,1,00a1,4e,0cd0,5c,57,0,6f,47,333,3675,5
1110,00:11:10,0df4,0,1,00a2,4e,0cd0,5c,57,0,6f,47,316,3646,5
1110,00:11:10,0e0c,0,1,00a5,53,0d0c,5c,57,0,6f,47,316,3646,5
1111,00:11:11,0.00E+00,0,5,00a6,53,0d0c,5c,57,0,6f,47,031f,364c,5
1111,00:11:11,0.00E+00,0,5,00a5,50,0ce4,5c,57,0,6f,47,031f,364c,5
1112,00:11:12,0.00E+00,0,5,00a2,50,0ce4,5c,57,0,6f,47,031f,365e,5
1112,00:11:12,0.00E+00,0,5,00a2,51,0ca8,5c,57,0,6f,47,031f,365e,5
1113,00:11:13,0.00E+00,0,5,00a1,51,0ca8,5c,57,0,6f,47,031a,3650,5
1113,00:11:13,0.00E+00,0,5,009f,50,0cbc,5c,57,0,6f,47,031a,3650,5
1114,00:11:14,0.00E+00,0,5,00a0,50,0cbc,5c,57,0,6f,47,031f,348d,5
1114,00:11:14,0da0,0,5,00b0,65,0c44,5c,57,0,6f,47,031f,348d,5
1115,00:11:15,0e4c,0,1,00b6,65,0c44,5c,57,0,6f,47,324,35dc,5
1115,00:11:15,0de8,0,1,00b8,5d,0d84,5c,57,0,6f,47,324,35dc,5
1116,00:11:16,0.00E+00,0,5,00b8,5d,0d84,5c,57,1,6f,47,322,35cf,5
1116,00:11:16,0.00E+00,0,5,00b1,53,0c00,5c,57,1,6f,47,300,3500,5
1117,00:11:17,0.00E+00,0,5,00a3,53,0c00,5c,57,1,6f,47,300,3600,5
1117,00:11:17,0.00E+00,0,5,009b,4d,0c00,5c,57,1,6f,47,300,3600,5
1118,00:11:18,0e2c,0,5,99,4d,0c00,5c,57,0,6f,47,300,3600,5
1118,00:11:18,0e1c,0,5,98,4c,0c00,5c,57,0,6f,47,300,3600,5
1119,00:11:19,0dfc,0,5,009a,4c,0c00,5c,57,0,6f,47,300,3500,5
1119,00:11:19,0dd4,0,5,00a1,54,0c00,5c,57,0,6f,47,300,3500,5
1120,00:11:20,0.00E+00,0,1,009f,54,0c00,5c,57,0,6f,47,300,3500,5
1120,00:11:20,0.00E+00,0,5,009e,4f,0c00,5c,57,0,6f,47,300,3500,5
1121,00:11:21,0.00E+00,0,5,009e,4f,0c00,5c,57,0,6f,47,300,3500,5
1121,00:11:21,0.00E+00,0,5,009b,4e,0c00,5c,57,0,6f,47,300,3500,5
1122,00:11:22,0.00E+00,0,5,009b,4e,0c00,5c,57,0,6f,47,200,3500,5
1122,00:11:22,0dec,0,5,00aa,55,0c00,5c,57,0,6f,47,200,3500,5
1123,00:11:23,0.00E+00,0,5,00ab,55,0c00,5c,57,0,6f,47,300,3600,5
1123,00:11:23,0ebc,0,5,97,46,0d34,5c,57,0,6f,47,345,365f,5
1124,00:11:24,0.00E+00,0,5,008d,46,0d34,5c,57,0,70,47,032e,3679,5
1124,00:11:24,0.00E+00,0,1,008e,49,0c30,5c,57,0,70,47,032e,3679,5
1125,00:11:25,0dd8,0,1,009e,49,0c30,5c,57,0,70,47,315,367f,5
1125,00:11:25,0dc4,0,5,009f,56,0c6c,5c,57,0,70,47,315,367f,5
1126,00:11:26,0.00E+00,0,5,00a1,56,0c6c,5c,57,0,70,47,321,3660,5
1126,00:11:26,0e3c,0,5,009f,4e,0cf8,5c,57,0,70,47,321,3660,5
1127,00:11:27,0e3c,0,5,97,4e,0cf8,5c,57,0,70,47,324,3685,5
1127,00:11:27,0.00E+00,0,1,93,4a,0c30,5c,57,0,70,47,324,3685,5
1128,00:11:28,0de0,0,1,99,4a,0c30,5c,57,0,70,47,305,3672,5
1128,00:11:28,0ddc,0,1,009f,52,0c6c,5c,57,0,70,47,305,3672,5
1129,00:11:29,0.00E+00,0,5,009d,52,0c6c,5c,57,0,70,47,033f,3666,5
1129,00:11:29,0e9c,0,5,85,3d,0be0,5c,57,0,70,47,033f,3666,5
1130,00:11:30,0.00E+00,0,5,81,3d,0be0,5c,57,0,70,47,031f,36c4,5
1130,00:11:30,0.00E+00,0,5,80,42,0b00,5c,57,0,70,47,300,3600,5
1131,00:11:31,0.00E+00,0,5,81,42,0b00,5c,57,0,70,47,300,3600,5
1131,00:11:31,0e1c,0,5,80,42,0b00,5c,57,0,70,47,300,3600,5
1132,00:11:32,0e2c,0,5,007d,42,0b00,5c,57,0,70,47,300,3600,5
1132,00:11:32,0.00E+00,0,5,007f,41,0b00,5c,57,0,70,47,300,3600,5
1133,00:11:33,0.00E+00,0,5,007f,41,0b00,5c,57,0,70,47,300,3600,5
1133,00:11:33,0dfc,0,5,84,44,0b00,5c,57,0,70,47,300,3600,5
1134,00:11:34,0.00E+00,0,5,83,44,0b00,5c,57,0,70,47,300,3600,5
1134,00:11:34,0.00E+00,0,5,81,43,0b00,5c,57,0,70,47,300,3600,5
1135,00:11:35,0.00E+00,0,5,82,43,0b00,5c,57,0,70,47,300,3700,5
1135,00:11:35,0e2c,0,5,80,41,0c00,5c,57,0,70,47,300,3700,5
1136,00:11:36,0.00E+00,0,5,83,41,0c00,5c,57,0,70,47,200,3600,5
1136,00:11:36,0.00E+00,0,5,008c,46,0c00,5c,57,0,70,47,200,3600,5
1137,00:11:37,0e0c,0,5,008b,46,0c00,5c,57,0,70,47,300,3600,5
1137,00:11:37,0.00E+00,0,5,008a,43,0bf4,5c,57,0,70,47,307,3621,5
1138,00:11:38,0.00E+00,0,5,84,43,0bf4,5c,57,0,70,47,031f,3706,5
1138,00:11:38,0.00E+00,0,5,82,42,0b90,5c,57,0,70,47,031f,3706,5
1139,00:11:39,0.00E+00,0,5,82,42,0b90,5c,57,0,70,47,031c,3700,5
1139,00:11:39,0.00E+00,0,1,007e,3f,0c08,5c,57,0,70,47,031c,3700,5
1140,00:11:40,0.00E+00,0,1,007d,3f,0c08,5c,57,0,70,47,318,3794,5
1140,00:11:40,0e7c,0,1,76,3a,0c1c,5c,57,0,70,47,318,3794,5
1141,00:11:41,0e2c,0,1,74,3a,0c1c,5c,57,0,70,47,311,379f,5
1141,00:11:41,0e3c,0,1,71,3c,0b90,5c,57,0,70,47,311,379f,5
1142,00:11:42,0.00E+00,0,1,73,3c,0b90,5c,57,0,70,47,031d,377c,5
1142,00:11:42,0.00E+00,0,1,71,3d,0b2c,5c,57,0,70,47,031d,377c,5
1143,00:11:43,0e4c,0,1,72,3d,0b2c,5c,57,0,70,47,310,3788,5
1143,00:11:43,0.00E+00,0,1,73,3d,0b2c,5c,57,0,70,47,310,3788,5
1144,00:11:44,0.00E+00,0,1,006f,3d,0b2c,5c,57,0,70,47,031c,3772,5
